chr	start	ref_allele	alt_allele	end	Production_t_alt_count	Production_t_ref_count	Production_variant_type	Production_fstar_tumor_lod	Production
1	2238217	C	-	2238217	54	41		PASS	1
1	17550142	G	-	17550142	9	484		PASS	1
1	52927288	CCT	-	52927290	4	281		PASS	1
1	76228377	-	TTTTT	76228378	5	329		PASS	1
1	155850293	-	TTTTTTTTTTT	155850294	6	210		PASS	1
1	167023453	C	-	167023453	10	12		PASS	1
1	184039784	T	-	184039784	88	156		PASS	1
1	201030473	G	-	201030473	171	278		PASS	1
1	229763347	CCCA	-	229763350	7	147		PASS	1
1	236557799	-	AA	236557800	110	172		PASS	1
1	237777375	-	T	237777376	59	87		PASS	1
1	247491991	C	-	247491991	25	35		PASS	1
2	28851432	-	TTTTTTT	28851433	10	276		PASS	1
2	53897825	TGGC	-	53897828	8	174		PASS	1
2	73435576	C	-	73435576	190	296		PASS	1
2	79364245	G	-	79364245	26	31		PASS	1
2	88407995	-	A	88407996	39	90		PASS	1
2	101654064	G	-	101654064	125	201		PASS	1
2	108477314	A	-	108477314	7	0		PASS	1
2	169745737	-	TTTTTTTTT	169745738	4	406		PASS	1
2	179444666	G	-	179444666	37	103		PASS	1
2	179606073	-	A	179606074	87	449		PASS	1
2	179613133	C	-	179613133	72	580		PASS	1
2	200233378	-	T	200233379	57	500		PASS	1
2	210650838	C	-	210650838	67	229		PASS	1
2	212530052	G	-	212530052	207	581		PASS	1
2	219300013	-	TTTTTTT	219300014	6	165		PASS	1
2	230683228	CCTTT	-	230683232	10	358		PASS	1
3	118922763	-	TTTT	118922764	3	290		PASS	1
3	126350661	C	-	126350661	68	254		PASS	1
3	175345075	-	TTTTTT	175345076	3	107		PASS	1
4	3432431	C	-	3432431	8	23		PASS	1
4	88929174	GAGGAG	-	88929179	3	189		PASS	1
4	100540129	AGGAAC	-	100540134	4	186		PASS	1
4	164450199	CTTTG	-	164450203	4	60		PASS	1
5	2748926	G	-	2748926	18	18		PASS	1
5	33984401	C	-	33984401	180	299		PASS	1
5	104435345	-	A	104435346	41	23		PASS	1
5	146077577	-	G	146077578	123	54		PASS	1
6	144761486	AGAG	-	144761489	7	237		PASS	1
7	44185116	G	-	44185116	94	170		PASS	1
7	87516645	-	TTTTTT	87516646	5	183		PASS	1
7	89859225	-	T	89859226	76	103		PASS	1
7	100349499	C	-	100349499	209	340		PASS	1
7	106877132	CCTGT	-	106877136	5	328		PASS	1
7	117025817	G	-	117025817	98	193		PASS	1
7	121679553	G	-	121679553	117	202		PASS	1
7	143400602	-	T	143400603	282	84		PASS	1
8	1513865	G	-	1513865	46	22		PASS	1
8	7673081	-	T	7673082	11	11		PASS	1
8	35606044	-	TTTTTTTT	35606045	6	90		PASS	1
8	77775725	G	-	77775725	88	116		PASS	1
8	86573401	G	-	86573401	5	25		PASS	1
8	121238988	G	-	121238988	94	242		PASS	1
8	124357243	C	-	124357243	58	186		PASS	1
8	142490464	G	-	142490464	284	243		PASS	1
9	117822047	C	-	117822047	77	35		PASS	1
10	125426552	C	-	125426552	23	76		PASS	1
11	694950	GCCGCGGCCGCGGCCGCCGCCGCCACAGCG	-	694979	8	123		PASS	1
11	6007359	C	-	6007359	126	130		PASS	1
11	6411931	CTGGTGCTGGCGCTGGCGCTGGCG	-	6411954	3	238		PASS	1
11	17653724	G	-	17653724	87	106		PASS	1
11	19890471	-	TTTTTTTTTT	19890472	3	190		PASS	1
11	62123795	AGG	-	62123797	4	174		PASS	1
11	64082645	G	-	64082645	57	72		PASS	1
11	65043364	-	TTTTTTTT	65043365	9	133		PASS	1
11	66411364	GCTGCTGCTGCAGCAGCAGCC	-	66411384	5	518		PASS	1
11	71293785	GGAGCCACAGCCCCCACAGCCAGAGCCACAGCCCCCACTGCC	-	71293826	6	516		PASS	1
11	71548523	-	G	71548524	107	259		PASS	1
11	71949104	G	-	71949104	22	41		PASS	1
11	116703734	-	C	116703735	45	46		PASS	1
12	9321567	TCCCCTGG	-	9321574	3	147		PASS	1
12	42839864	GCAGGCCCCGCAGCCCCC	-	42839881	4	333		PASS	1
12	55251976	-	TTTT	55251977	7	363		PASS	1
12	56498383	CG	-	56498384	230	352		PASS	1
12	57615183	C	-	57615183	61	96		PASS	1
12	62696571	-	TTTTT	62696572	6	194		PASS	1
12	104480687	A	-	104480687	106	123		PASS	1
12	110968329	-	TTTTTTTT	110968330	5	227		PASS	1
12	113824770	G	-	113824770	24	38		PASS	1
13	42245277	TTCTGATCTGG	-	42245287	3	230		PASS	1
13	42439948	CCCT	-	42439951	7	353		PASS	1
13	73302136	G	-	73302136	37	72		PASS	1
13	99567754	TGTTC	-	99567758	5	130		PASS	1
14	22434002	-	TTTTTTTT	22434003	3	97		PASS	1
14	32902793	C	-	32902793	222	356		PASS	1
14	70418885	A	-	70418885	173	351		PASS	1
14	93995634	-	TTTTTTTTT	93995635	4	163		PASS	1
15	42438010	-	C	42438011	161	89		PASS	1
15	63618553	GATACTAGAA	-	63618562	6	484		PASS	1
15	72252436	TCCT	-	72252439	14	351		PASS	1
15	74948408	CCCTGG	-	74948413	6	151		PASS	1
15	75122727	C	-	75122727	56	87		PASS	1
15	84639344	C	-	84639344	178	446		PASS	1
15	88576114	C	-	88576114	165	385		PASS	1
16	1308482	C	-	1308482	25	124		PASS	1
16	20682887	G	-	20682887	83	96		PASS	1
16	21073900	T	-	21073900	59	201		PASS	1
16	31075463	GTGGCTGCGCCC	-	31075474	4	161		PASS	1
16	70099795	-	G	70099796	5	16		PASS	1
16	88709826	CCA	-	88709828	4	335		PASS	1
17	11568178	-	A	11568179	50	26		PASS	1
17	26969355	TGGG	-	26969358	10	394		PASS	1
17	30520158	-	TTTTTTTTT	30520159	4	193		PASS	1
17	77043774	G	-	77043774	98	145		PASS	1
17	78199677	G	-	78199677	116	243		PASS	1
18	56819928	T	-	56819928	25	26		PASS	1
18	64176359	G	-	64176359	58	78		PASS	1
19	464055	G	-	464055	57	48		PASS	1
19	12222063	-	TTTTTTTT	12222064	3	126		PASS	1
19	42383610	C	-	42383610	75	34		PASS	1
19	44936539	CTCCT	-	44936543	7	413		PASS	1
19	51919182	G	-	51919182	259	95		PASS	1
20	17928288	TCCTGGG	-	17928294	16	694		PASS	1
20	31624273	G	-	31624273	111	185		PASS	1
20	57768514	G	-	57768514	438	94		PASS	1
20	62850189	-	TTTTTTTTTTT	62850190	6	368		PASS	1
21	32595816	G	-	32595816	85	53		PASS	1
21	36410949	AGAG	-	36410952	7	66		PASS	1
21	38137389	C	-	38137389	296	166		PASS	1
22	24698163	-	TTTTTTTT	24698164	4	254		PASS	1
22	39713632	CCTCTGC	-	39713638	3	121		PASS	1
X	18963275	TCCTGGGGG	-	18963283	3	179		PASS	1
X	50350672	TCT	-	50350674	6	86		PASS	1
X	152853810	-	T	152853811	203	49		PASS	1
7	4285383	G	A	4285383	153	277		PASS	1
8	87680283	G	A	87680283	154	297		PASS	1
10	18282152	C	A	18282152	46	112		PASS	1
7	72727163	G	T	72727163	37	78		PASS	1
16	10032393	A	T	10032393	104	111		PASS	1
19	21477148	T	A	21477148	169	66		PASS	1
16	21531409	C	A	21531409	135	378		PASS	1
1	151227241	A	T	151227241	25	60		PASS	1
1	177225052	C	A	177225052	53	81		PASS	1
3	52524727	G	T	52524727	114	49		PASS	1
7	142206521	T	A	142206521	24	98		PASS	1
1	204943793	A	T	204943793	301	543		PASS	1
2	32750568	A	T	32750568	166	327		PASS	1
11	48185938	G	T	48185938	59	104		PASS	1
3	179537717	C	G	179537717	34	192		PASS	1
11	83173025	C	T	83173025	76	95		PASS	1
8	86574481	G	T	86574481	167	2303		PASS	1
11	694961	G	C	694961	4	75		PASS	1
14	21769157	C	A	21769157	71	28		PASS	1
2	179466617	C	T	179466617	29	186		PASS	1
15	33446342	C	G	33446342	124	67		PASS	1
1	227073354	G	T	227073354	187	347		PASS	1
5	86534650	G	T	86534650	53	107		PASS	1
11	76903226	C	T	76903226	186	266		PASS	1
3	186965034	G	T	186965034	44	146		PASS	1
18	2666231	G	T	2666231	140	29		PASS	1
6	131910732	C	A	131910732	84	99		PASS	1
3	51102024	A	G	51102024	101	32		PASS	1
20	62551600	A	G	62551600	73	86		PASS	1
2	207422204	G	A	207422204	85	314		PASS	1
20	61942753	G	A	61942753	78	132		PASS	1
2	143799652	C	A	143799652	178	277		PASS	1
7	99707675	G	C	99707675	89	123		PASS	1
16	67682347	G	T	67682347	52	43		PASS	1
2	189858183	C	A	189858183	64	389		PASS	1
14	55609309	T	G	55609309	87	156		PASS	1
15	90294212	C	T	90294212	10	63		PASS	1
10	18803906	T	G	18803906	198	296		PASS	1
16	78011714	T	C	78011714	10	25		PASS	1
1	158262497	G	T	158262497	194	343		PASS	1
7	122634944	C	A	122634944	35	68		PASS	1
6	85473665	C	G	85473665	62	118		PASS	1
12	6561505	G	T	6561505	75	45		PASS	1
2	179539040	C	A	179539040	75	700		PASS	1
7	6661877	G	T	6661877	42	41		PASS	1
9	43624979	T	C	43624979	136	898		PASS	1
5	10353927	G	T	10353927	72	198		PASS	1
1	169821057	G	A	169821057	5	347		PASS	1
2	189929315	G	A	189929315	62	495		PASS	1
10	125601872	G	T	125601872	56	184		PASS	1
4	104066791	T	C	104066791	48	25		PASS	1
19	55046858	G	A	55046858	112	31		PASS	1
6	74192285	A	G	74192285	108	211		PASS	1
2	220347825	C	A	220347825	138	114		PASS	1
2	179474000	A	T	179474000	9	38		PASS	1
10	99140634	C	A	99140634	98	121		PASS	1
1	36505492	G	A	36505492	88	101		PASS	1
17	66902245	T	C	66902245	73	132		PASS	1
16	74640978	T	A	74640978	52	56		PASS	1
9	90500067	C	A	90500067	151	78		PASS	1
16	5057471	G	C	5057471	100	88		PASS	1
17	19186455	G	T	19186455	81	27		PASS	1
19	55870292	C	A	55870292	111	40		PASS	1
6	24205384	C	T	24205384	66	285		PASS	1
1	145290426	C	T	145290426	10	701		PASS	1
6	163510374	G	T	163510374	89	126		PASS	1
10	38241522	T	C	38241522	79	127		PASS	1
11	5988897	G	T	5988897	23	122		PASS	1
11	57886137	C	G	57886137	89	139		PASS	1
4	17707428	C	A	17707428	103	133		PASS	1
11	694962	G	A	694962	4	79		PASS	1
13	51826348	G	T	51826348	49	58		PASS	1
1	240979674	A	C	240979674	187	324		PASS	1
3	126916106	G	T	126916106	23	57		PASS	1
4	85678308	T	A	85678308	65	25		PASS	1
7	130025766	T	A	130025766	75	148		PASS	1
5	178949931	G	A	178949931	32	121		PASS	1
13	103389091	A	T	103389091	81	250		PASS	1
11	55433339	A	C	55433339	122	222		PASS	1
1	1163894	C	A	1163894	88	89		PASS	1
7	18633586	C	A	18633586	109	243		PASS	1
2	5833676	G	T	5833676	25	144		PASS	1
11	18723255	G	T	18723255	107	112		PASS	1
8	86574482	G	T	86574482	168	2319		PASS	1
5	140209720	G	A	140209720	146	73		PASS	1
20	33867509	C	T	33867509	88	118		PASS	1
1	206647731	C	A	206647731	66	165		PASS	1
19	12987141	G	C	12987141	143	78		PASS	1
18	31323960	C	A	31323960	40	34		PASS	1
12	51685773	C	A	51685773	132	232		PASS	1
7	75140378	C	A	75140378	318	497		PASS	1
3	49836289	G	T	49836289	74	42		PASS	1
12	57550600	G	T	57550600	106	161		PASS	1
8	3432473	C	A	3432473	55	35		PASS	1
15	91491480	G	T	91491480	63	263		PASS	1
7	123508665	C	A	123508665	101	176		PASS	1
10	18270371	C	A	18270371	59	107		PASS	1
3	15219507	G	A	15219507	180	119		PASS	1
5	179302105	C	A	179302105	216	122		PASS	1
1	77528665	C	A	77528665	84	96		PASS	1
1	240072367	T	G	240072367	118	189		PASS	1
5	175959493	A	G	175959493	11	39		PASS	1
10	64573486	G	T	64573486	4	139		PASS	1
17	26459704	A	G	26459704	74	144		PASS	1
3	102153980	T	G	102153980	50	151		PASS	1
17	65955773	A	C	65955773	13	177		PASS	1
6	152738069	G	T	152738069	86	88		PASS	1
19	39963492	G	C	39963492	95	34		PASS	1
1	19595812	C	A	19595812	132	380		PASS	1
22	37622749	G	A	37622749	195	89		PASS	1
2	128522331	C	A	128522331	154	215		PASS	1
11	17633743	G	T	17633743	53	200		PASS	1
7	107114688	T	A	107114688	112	144		PASS	1
5	140792770	G	C	140792770	43	20		PASS	1
1	210856587	G	A	210856587	25	39		PASS	1
1	16973977	G	A	16973977	83	964		PASS	1
10	54528001	T	C	54528001	92	127		PASS	1
11	125351516	G	T	125351516	176	279		PASS	1
10	51465191	C	A	51465191	144	598		PASS	1
9	94841727	G	A	94841727	45	27		PASS	1
7	136938292	T	A	136938292	52	91		PASS	1
17	59544909	G	T	59544909	142	196		PASS	1
11	46722497	G	T	46722497	18	39		PASS	1
16	20359642	G	T	20359642	122	494		PASS	1
11	125280741	C	G	125280741	80	176		PASS	1
8	68950395	G	T	68950395	77	109		PASS	1
11	73990473	C	A	73990473	107	202		PASS	1
1	13839794	T	A	13839794	282	579		PASS	1
13	72440513	G	T	72440513	24	64		PASS	1
2	224462135	A	T	224462135	15	45		PASS	1
20	20269522	C	A	20269522	106	152		PASS	1
6	62604578	C	A	62604578	48	89		PASS	1
7	128292566	A	T	128292566	8	206		PASS	1
X	110653558	C	A	110653558	150	41		PASS	1
1	248224184	C	A	248224184	107	204		PASS	1
12	40964382	C	A	40964382	37	63		PASS	1
7	121651651	A	G	121651651	96	164		PASS	1
1	203185733	C	A	203185733	283	447		PASS	1
7	6661878	C	T	6661878	42	41		PASS	1
13	53421275	C	A	53421275	19	18		PASS	1
16	3632578	C	T	3632578	281	250		PASS	1
5	161569231	C	A	161569231	162	113		PASS	1
17	51902076	C	A	51902076	52	146		PASS	1
12	43945039	T	G	43945039	50	79		PASS	1
11	123596926	G	A	123596926	113	185		PASS	1
15	99670864	C	A	99670864	189	183		PASS	1
11	1606102	A	G	1606102	116	85		PASS	1
1	40780022	A	C	40780022	158	577		PASS	1
13	80910870	T	C	80910870	36	116		PASS	1
7	77975361	C	A	77975361	92	117		PASS	1
X	73046252	T	C	73046252	274	58		PASS	1
6	155774556	C	A	155774556	77	215		PASS	1
15	23890339	C	A	23890339	84	36		PASS	1
8	52232412	G	A	52232412	11	47		PASS	1
9	140450019	A	T	140450019	37	83		PASS	1
15	41366706	G	A	41366706	102	41		PASS	1
19	19338594	C	A	19338594	89	85		PASS	1
16	17211538	G	A	17211538	58	54		PASS	1
3	27427404	G	T	27427404	9	103		PASS	1
11	20628623	G	T	20628623	231	216		PASS	1
7	32338426	G	C	32338426	21	47		PASS	1
X	47970731	G	T	47970731	116	17		PASS	1
12	3661908	G	T	3661908	82	42		PASS	1
17	30325747	A	T	30325747	89	102		PASS	1
10	96112156	C	A	96112156	54	61		PASS	1
18	28934983	G	C	28934983	84	82		PASS	1
17	9804512	C	A	9804512	20	1		PASS	1
1	21050714	G	T	21050714	143	134		PASS	1
12	53070965	C	A	53070965	112	551		PASS	1
9	110249563	C	T	110249563	36	10		PASS	1
12	106994995	G	A	106994995	38	34		PASS	1
14	31055929	G	C	31055929	50	87		PASS	1
1	76107412	C	A	76107412	118	166		PASS	1
10	85958809	C	A	85958809	166	438		PASS	1
2	212248355	C	A	212248355	34	263		PASS	1
13	38143886	T	C	38143886	70	77		PASS	1
8	124749646	A	T	124749646	42	126		PASS	1
14	52169270	G	T	52169270	109	224		PASS	1
11	56000424	C	T	56000424	23	33		PASS	1
9	136344184	C	T	136344184	91	90		PASS	1
19	6479049	G	T	6479049	73	44		PASS	1
18	55024699	C	A	55024699	38	28		PASS	1
12	103288605	C	A	103288605	168	181		PASS	1
6	127440260	C	T	127440260	7	8		PASS	1
3	127294275	C	A	127294275	15	42		PASS	1
2	170042529	C	A	170042529	71	249		PASS	1
17	45009476	G	T	45009476	239	450		PASS	1
1	51578135	G	A	51578135	31	116		PASS	1
20	60703892	C	T	60703892	8	68		PASS	1
14	100374061	A	T	100374061	73	121		PASS	1
11	3380975	C	A	3380975	90	767		PASS	1
11	124756875	G	T	124756875	52	94		PASS	1
11	62752034	G	T	62752034	250	442		PASS	1
7	27140555	A	G	27140555	449	606		PASS	1
11	1010742	C	T	1010742	77	72		PASS	1
3	190573607	G	T	190573607	69	245		PASS	1
10	117059569	G	T	117059569	27	134		PASS	1
1	169555701	G	A	169555701	49	67		PASS	1
15	22414193	C	A	22414193	188	460		PASS	1
X	91134245	G	T	91134245	257	70		PASS	1
3	126229545	G	T	126229545	83	247		PASS	1
4	76530788	C	G	76530788	46	70		PASS	1
8	97240315	A	G	97240315	109	488		PASS	1
X	27479679	C	A	27479679	78	26		PASS	1
11	65006481	C	A	65006481	7	8		PASS	1
13	53420479	G	T	53420479	12	33		PASS	1
12	77423901	C	A	77423901	155	238		PASS	1
21	45707452	G	T	45707452	142	100		PASS	1
13	39452381	C	T	39452381	7	366		PASS	1
1	87031540	A	G	87031540	32	76		PASS	1
1	3328559	G	T	3328559	78	98		PASS	1
2	228162564	G	A	228162564	285	532		PASS	1
19	55046862	C	A	55046862	118	29		PASS	1
11	56143419	T	A	56143419	100	160		PASS	1
2	179650637	G	C	179650637	155	358		PASS	1
19	53517928	G	T	53517928	392	121		PASS	1
6	116783359	C	A	116783359	40	15		PASS	1
15	88420252	G	T	88420252	161	348		PASS	1
16	71416675	C	A	71416675	21	69		PASS	1
14	64516435	G	T	64516435	223	363		PASS	1
12	31079895	G	T	31079895	33	43		PASS	1
6	43221401	C	G	43221401	30	70		PASS	1
1	156437879	C	A	156437879	94	186		PASS	1
14	70991245	C	A	70991245	49	185		PASS	1
17	74477615	G	T	74477615	79	151		PASS	1
8	143958118	C	T	143958118	249	720		PASS	1
9	95108029	G	C	95108029	108	68		PASS	1
6	116559392	G	T	116559392	43	29		PASS	1
12	45457686	G	T	45457686	85	101		PASS	1
19	51293729	C	G	51293729	4	72		PASS	1
15	45386327	C	A	45386327	195	102		PASS	1
2	125671757	G	A	125671757	26	179		PASS	1
1	38297950	G	A	38297950	45	164		PASS	1
15	102304784	C	T	102304784	5	489		PASS	1
7	92146682	C	A	92146682	143	219		PASS	1
7	121716398	A	T	121716398	21	42		PASS	1
3	137906384	G	T	137906384	30	129		PASS	1
2	11332646	G	A	11332646	7	510		PASS	1
9	84607342	C	G	84607342	373	227		PASS	1
2	96809489	C	A	96809489	9	28		PASS	1
5	169126417	C	A	169126417	49	42		PASS	1
11	134175189	T	C	134175189	17	25		PASS	1
6	87955218	A	T	87955218	7	107		PASS	1
8	41798487	C	T	41798487	141	80		PASS	1
16	68225356	A	T	68225356	60	194		PASS	1
14	106552530	G	A	106552530	203	344		PASS	1
14	42368162	A	T	42368162	60	104		PASS	1
20	45702847	C	A	45702847	79	97		PASS	1
8	131922005	C	A	131922005	151	356		PASS	1
2	173679010	G	T	173679010	165	404		PASS	1
1	173952556	C	A	173952556	80	142		PASS	1
14	106330683	C	A	106330683	115	173		PASS	1
12	64671566	A	T	64671566	91	126		PASS	1
15	71404532	G	T	71404532	56	36		PASS	1
6	66044934	C	T	66044934	147	194		PASS	1
2	141641495	T	A	141641495	173	261		PASS	1
16	56901096	C	A	56901096	127	154		PASS	1
11	7092719	C	T	7092719	11	14		PASS	1
2	179571373	C	T	179571373	94	278		PASS	1
7	48528904	G	T	48528904	51	118		PASS	1
1	156446973	C	G	156446973	69	108		PASS	1
11	58714602	C	A	58714602	7	323		PASS	1
10	91198413	C	A	91198413	65	57		PASS	1
14	94475121	C	G	94475121	94	168		PASS	1
12	10565109	G	T	10565109	102	58		PASS	1
7	54617532	G	A	54617532	25	46		PASS	1
13	50283832	G	A	50283832	76	71		PASS	1
14	31139558	G	T	31139558	63	121		PASS	1
17	5138106	G	T	5138106	86	46		PASS	1
11	130281625	C	A	130281625	4	11		PASS	1
3	111603445	G	T	111603445	31	65		PASS	1
6	136582448	G	T	136582448	101	350		PASS	1
4	1206104	T	G	1206104	10	55		PASS	1
15	45444553	G	C	45444553	127	52		PASS	1
1	216692692	C	T	216692692	57	109		PASS	1
10	96745845	C	T	96745845	101	379		PASS	1
11	6867681	T	C	6867681	62	139		PASS	1
7	120911410	G	T	120911410	88	163		PASS	1
17	41719147	A	G	41719147	9	8		PASS	1
22	39388106	A	G	39388106	87	42		PASS	1
1	155629774	A	T	155629774	244	485		PASS	1
7	35242122	G	T	35242122	87	137		PASS	1
14	94780880	G	A	94780880	133	238		PASS	1
1	39760769	G	A	39760769	31	173		PASS	1
8	100973405	G	C	100973405	70	133		PASS	1
2	129025799	A	G	129025799	5	225		PASS	1
17	4500192	C	A	4500192	26	16		PASS	1
2	238243485	C	T	238243485	88	853		PASS	1
6	74519876	G	T	74519876	74	87		PASS	1
7	70800633	G	T	70800633	62	85		PASS	1
14	105354233	G	T	105354233	82	148		PASS	1
3	197557672	G	T	197557672	73	233		PASS	1
3	43074281	G	T	43074281	61	47		PASS	1
13	33096382	T	A	33096382	15	89		PASS	1
7	75113498	G	C	75113498	25	199		PASS	1
7	103191669	C	G	103191669	254	440		PASS	1
5	7869214	T	A	7869214	178	289		PASS	1
2	50779788	G	T	50779788	99	177		PASS	1
14	105518000	G	A	105518000	133	192		PASS	1
8	133045332	C	A	133045332	122	129		PASS	1
19	51330228	C	T	51330228	115	30		PASS	1
14	57268904	G	T	57268904	138	197		PASS	1
10	116304843	T	A	116304843	90	319		PASS	1
15	66727455	G	C	66727455	257	168		PASS	1
7	117020097	C	A	117020097	87	144		PASS	1
1	55517967	G	T	55517967	129	441		PASS	1
12	31297897	C	A	31297897	102	210		PASS	1
1	70614231	C	G	70614231	51	217		PASS	1
14	96553071	G	C	96553071	59	92		PASS	1
10	15290738	C	A	15290738	64	124		PASS	1
12	78513703	A	T	78513703	64	84		PASS	1
18	59777107	C	A	59777107	41	41		PASS	1
1	109780462	C	T	109780462	66	263		PASS	1
17	4046070	C	A	4046070	19	5		PASS	1
4	104640570	C	T	104640570	140	81		PASS	1
2	200776170	G	C	200776170	42	78		PASS	1
9	129937053	A	G	129937053	75	62		PASS	1
5	176318097	C	A	176318097	170	87		PASS	1
18	61327904	C	A	61327904	12	12		PASS	1
11	28232642	C	T	28232642	36	133		PASS	1
10	118236756	G	C	118236756	28	39		PASS	1
12	53201519	G	T	53201519	206	393		PASS	1
6	70070951	G	A	70070951	100	124		PASS	1
9	94794596	C	A	94794596	67	30		PASS	1
16	83933145	G	T	83933145	67	212		PASS	1
3	119545540	C	T	119545540	14	359		PASS	1
10	63816902	G	T	63816902	90	269		PASS	1
6	43308632	C	A	43308632	165	279		PASS	1
16	71482933	C	A	71482933	69	216		PASS	1
21	31768845	C	T	31768845	162	77		PASS	1
2	183960218	A	C	183960218	115	255		PASS	1
2	32750595	G	T	32750595	202	231		PASS	1
4	4861848	G	C	4861848	22	95		PASS	1
19	30936105	C	A	30936105	142	53		PASS	1
12	18891401	G	T	18891401	124	182		PASS	1
22	46656549	C	G	46656549	112	66		PASS	1
3	196387945	G	A	196387945	71	168		PASS	1
5	36679892	C	A	36679892	236	349		PASS	1
10	16553115	C	T	16553115	208	364		PASS	1
2	179490079	C	A	179490079	20	109		PASS	1
12	58113910	C	T	58113910	62	102		PASS	1
4	155717923	G	A	155717923	49	23		PASS	1
X	54952921	G	T	54952921	115	18		PASS	1
11	7005463	T	A	7005463	13	32		PASS	1
5	149677678	A	T	149677678	157	82		PASS	1
5	99715925	T	G	99715925	4	30		PASS	1
11	67789039	T	C	67789039	6	412		PASS	1
1	111824247	G	T	111824247	12	91		PASS	1
11	64337162	T	G	64337162	116	198		PASS	1
8	110477472	C	A	110477472	38	50		PASS	1
1	33549561	G	T	33549561	137	433		PASS	1
10	96012115	G	T	96012115	119	137		PASS	1
19	46417747	T	A	46417747	188	72		PASS	1
11	49598156	C	A	49598156	94	183		PASS	1
17	2909255	G	C	2909255	221	125		PASS	1
5	127648440	C	A	127648440	174	103		PASS	1
9	34286678	C	T	34286678	76	86		PASS	1
14	88477638	G	T	88477638	176	267		PASS	1
5	79783965	C	A	79783965	96	70		PASS	1
18	22806345	A	C	22806345	231	57		PASS	1
12	124904590	C	A	124904590	70	237		PASS	1
10	14816721	C	A	14816721	17	15		PASS	1
11	107462636	G	A	107462636	59	83		PASS	1
14	77294702	C	A	77294702	111	197		PASS	1
5	176304596	C	T	176304596	42	27		PASS	1
2	229890334	C	T	229890334	27	71		PASS	1
18	28979413	G	C	28979413	91	100		PASS	1
20	18471060	C	A	18471060	24	1012		PASS	1
1	39827111	C	T	39827111	155	179		PASS	1
8	27468795	A	T	27468795	72	178		PASS	1
14	62542092	T	A	62542092	95	128		PASS	1
13	38211293	C	A	38211293	89	110		PASS	1
15	74565123	C	A	74565123	5	209		PASS	1
14	96135808	C	A	96135808	37	74		PASS	1
18	9211782	G	T	9211782	278	61		PASS	1
6	137143781	G	A	137143781	156	151		PASS	1
3	118865132	A	T	118865132	35	157		PASS	1
2	219501488	C	T	219501488	8	84		PASS	1
22	24123049	C	T	24123049	79	34		PASS	1
19	7122775	C	A	7122775	128	81		PASS	1
10	77159900	G	A	77159900	84	297		PASS	1
2	168931650	T	A	168931650	149	476		PASS	1
6	28829355	C	A	28829355	23	21		PASS	1
22	43435699	G	A	43435699	17	0		PASS	1
20	23016289	G	T	23016289	15	30		PASS	1
13	27256994	T	G	27256994	8	130		PASS	1
3	186445081	C	A	186445081	97	326		PASS	1
1	6008249	C	A	6008249	76	172		PASS	1
2	167142954	C	G	167142954	104	216		PASS	1
4	159568130	C	A	159568130	107	53		PASS	1
1	157485512	G	T	157485512	191	283		PASS	1
6	44271987	C	G	44271987	212	433		PASS	1
14	96157139	G	A	96157139	133	181		PASS	1
10	31816312	G	T	31816312	27	44		PASS	1
7	120385875	C	A	120385875	197	281		PASS	1
2	231372782	T	G	231372782	13	243		PASS	1
11	60476265	C	T	60476265	119	273		PASS	1
X	595531	G	T	595531	156	182		PASS	1
2	179599266	C	A	179599266	35	82		PASS	1
4	120550074	G	T	120550074	30	7		PASS	1
12	126135431	C	A	126135431	89	237		PASS	1
11	55594737	C	A	55594737	56	85		PASS	1
11	33596408	T	C	33596408	71	100		PASS	1
9	32552448	C	A	32552448	153	207		PASS	1
12	90024331	A	T	90024331	68	108		PASS	1
4	30723639	G	T	30723639	9	7		PASS	1
5	127666338	C	G	127666338	260	157		PASS	1
2	39082348	G	A	39082348	194	286		PASS	1
1	248129572	G	T	248129572	72	125		PASS	1
12	7281392	G	C	7281392	168	63		PASS	1
11	55419047	T	A	55419047	72	104		PASS	1
17	40718102	T	A	40718102	33	44		PASS	1
1	3411199	C	A	3411199	190	237		PASS	1
2	100194854	C	A	100194854	41	56		PASS	1
16	81204545	C	A	81204545	55	162		PASS	1
10	119013576	A	T	119013576	119	107		PASS	1
7	44151212	C	A	44151212	40	68		PASS	1
16	89627260	G	T	89627260	11	8		PASS	1
10	26432386	C	A	26432386	127	212		PASS	1
7	87229494	G	T	87229494	156	271		PASS	1
1	220777479	G	T	220777479	86	171		PASS	1
14	42356895	C	A	42356895	94	180		PASS	1
6	147136305	G	T	147136305	22	49		PASS	1
16	67197222	C	T	67197222	52	170		PASS	1
2	182413276	C	A	182413276	59	411		PASS	1
1	59248095	G	C	59248095	42	42		PASS	1
2	238285764	C	A	238285764	603	269		PASS	1
7	103230147	G	A	103230147	264	426		PASS	1
16	30680103	C	G	30680103	43	96		PASS	1
19	18731413	G	A	18731413	13	23		PASS	1
16	70191140	G	C	70191140	14	108		PASS	1
2	65482789	A	T	65482789	104	180		PASS	1
9	141071141	G	T	141071141	28	496		PASS	1
5	54581212	A	T	54581212	7	139		PASS	1
X	347259	C	A	347259	26	16		PASS	1
10	44873287	A	T	44873287	90	65		PASS	1
16	28946775	C	A	28946775	117	431		PASS	1
15	25465687	G	T	25465687	8	19		PASS	1
1	206821237	C	T	206821237	121	179		PASS	1
10	27382428	T	A	27382428	84	321		PASS	1
11	125825814	C	A	125825814	13	12		PASS	1
10	31809739	A	T	31809739	184	292		PASS	1
19	56372890	C	A	56372890	108	28		PASS	1
14	63174328	G	T	63174328	12	17		PASS	1
11	801706	A	G	801706	5	162		PASS	1
2	50149347	G	T	50149347	128	182		PASS	1
17	74921136	C	T	74921136	108	272		PASS	1
16	1129208	C	G	1129208	173	193		PASS	1
1	248756826	G	T	248756826	179	382		PASS	1
6	46830720	C	A	46830720	238	377		PASS	1
16	32192059	G	A	32192059	66	610		PASS	1
7	18066946	A	T	18066946	97	179		PASS	1
11	92531723	T	A	92531723	134	190		PASS	1
1	92647999	G	T	92647999	49	45		PASS	1
17	7578190	T	C	7578190	304	192		PASS	1
X	99956565	C	A	99956565	215	57		PASS	1
2	108475929	T	A	108475929	314	719		PASS	1
5	171510086	C	A	171510086	103	63		PASS	1
16	3535312	G	T	3535312	106	79		PASS	1
17	56350958	G	C	56350958	196	294		PASS	1
5	34915820	C	A	34915820	28	69		PASS	1
11	55681873	G	A	55681873	99	156		PASS	1
8	81571853	C	A	81571853	138	278		PASS	1
2	210858932	C	A	210858932	58	159		PASS	1
1	210337246	G	T	210337246	121	160		PASS	1
13	20716665	G	T	20716665	69	72		PASS	1
16	69988454	C	A	69988454	261	588		PASS	1
1	107867522	T	A	107867522	54	58		PASS	1
2	179412923	G	T	179412923	77	523		PASS	1
11	118209867	A	T	118209867	239	242		PASS	1
20	61513045	C	A	61513045	232	221		PASS	1
2	97862348	C	T	97862348	81	467		PASS	1
6	146276445	C	A	146276445	68	56		PASS	1
7	100775043	C	T	100775043	48	85		PASS	1
1	248569332	C	T	248569332	48	82		PASS	1
2	170362186	G	T	170362186	10	47		PASS	1
7	91794040	G	T	91794040	128	207		PASS	1
17	29325959	A	G	29325959	74	126		PASS	1
17	57128649	C	A	57128649	181	331		PASS	1
4	120550186	G	T	120550186	88	47		PASS	1
13	61083870	G	T	61083870	73	65		PASS	1
10	55839108	C	G	55839108	244	282		PASS	1
6	42892002	C	A	42892002	41	116		PASS	1
4	352058	C	A	352058	11	39		PASS	1
6	10529811	G	A	10529811	46	159		PASS	1
1	248285872	C	A	248285872	261	537		PASS	1
7	141740611	C	A	141740611	23	44		PASS	1
11	120351112	G	T	120351112	46	75		PASS	1
16	70977741	C	A	70977741	111	102		PASS	1
11	56085966	T	A	56085966	56	233		PASS	1
X	148579828	C	G	148579828	89	25		PASS	1
1	26357999	C	A	26357999	40	51		PASS	1
17	76160246	C	A	76160246	187	291		PASS	1
11	4936066	C	A	4936066	42	162		PASS	1
10	95380	A	C	95380	11	200		PASS	1
15	88420315	G	A	88420315	146	296		PASS	1
20	44664076	T	C	44664076	149	168		PASS	1
1	45407199	G	T	45407199	6	103		PASS	1
16	55729225	C	A	55729225	139	460		PASS	1
8	113353791	G	C	113353791	157	250		PASS	1
8	42045503	G	T	42045503	76	32		PASS	1
7	148767723	C	A	148767723	216	377		PASS	1
1	177001793	C	A	177001793	135	214		PASS	1
2	144709567	T	A	144709567	75	128		PASS	1
11	55747217	C	G	55747217	95	170		PASS	1
6	29054531	G	T	29054531	80	115		PASS	1
6	51947980	A	G	51947980	188	337		PASS	1
19	9236840	C	A	9236840	166	83		PASS	1
3	180630498	C	T	180630498	116	193		PASS	1
13	53235638	G	T	53235638	30	34		PASS	1
2	179458963	G	C	179458963	38	113		PASS	1
20	37146227	G	C	37146227	82	56		PASS	1
4	57182322	C	A	57182322	146	72		PASS	1
7	53103880	C	A	53103880	158	193		PASS	1
22	18842758	C	A	18842758	3	19		PASS	1
8	72964963	G	T	72964963	233	353		PASS	1
7	128359027	C	T	128359027	131	217		PASS	1
16	64981908	A	G	64981908	57	230		PASS	1
13	103400791	C	A	103400791	117	182		PASS	1
10	69648864	G	C	69648864	80	67		PASS	1
X	152814216	C	G	152814216	179	61		PASS	1
1	240371535	T	C	240371535	11	89		PASS	1
5	31983702	C	T	31983702	53	201		PASS	1
15	93588314	T	A	93588314	142	289		PASS	1
2	95719155	C	A	95719155	106	212		PASS	1
4	185694260	C	G	185694260	101	66		PASS	1
17	13400056	C	A	13400056	173	344		PASS	1
7	142032252	C	A	142032252	28	36		PASS	1
6	33239725	T	C	33239725	17	5		PASS	1
2	89185488	G	T	89185488	173	301		PASS	1
1	236205527	C	A	236205527	125	166		PASS	1
11	70279288	G	T	70279288	89	192		PASS	1
1	35331559	C	A	35331559	59	43		PASS	1
12	27916078	G	T	27916078	172	98		PASS	1
2	90121837	G	T	90121837	147	443		PASS	1
11	5510098	G	C	5510098	145	132		PASS	1
X	18213516	G	T	18213516	73	20		PASS	1
8	127568780	C	T	127568780	37	75		PASS	1
2	241974004	A	G	241974004	42	111		PASS	1
17	68172381	G	T	68172381	199	303		PASS	1
4	129891561	T	C	129891561	89	81		PASS	1
19	44777139	G	C	44777139	91	216		PASS	1
11	118827998	A	T	118827998	71	258		PASS	1
5	13794120	G	A	13794120	151	517		PASS	1
1	26371650	C	A	26371650	117	260		PASS	1
3	126291168	C	A	126291168	68	133		PASS	1
16	2158885	C	A	2158885	144	149		PASS	1
1	248525493	G	T	248525493	172	282		PASS	1
1	169566377	G	T	169566377	41	66		PASS	1
8	133090179	T	C	133090179	120	308		PASS	1
6	27879737	C	T	27879737	75	135		PASS	1
18	47753755	G	A	47753755	79	66		PASS	1
7	45928468	G	A	45928468	67	106		PASS	1
14	39583542	C	G	39583542	18	79		PASS	1
3	171410206	C	A	171410206	33	112		PASS	1
5	1232935	G	C	1232935	68	164		PASS	1
20	60808288	C	T	60808288	58	106		PASS	1
1	203668843	A	G	203668843	57	104		PASS	1
19	6755130	G	T	6755130	70	40		PASS	1
9	131765759	A	T	131765759	47	19		PASS	1
11	123513168	C	A	123513168	207	339		PASS	1
3	126916107	G	T	126916107	23	58		PASS	1
4	109571752	G	T	109571752	48	14		PASS	1
2	217148357	G	C	217148357	48	324		PASS	1
2	74598705	T	C	74598705	74	100		PASS	1
1	33944956	G	C	33944956	46	50		PASS	1
10	124045726	C	T	124045726	53	135		PASS	1
6	65531592	A	G	65531592	39	70		PASS	1
3	36779164	T	C	36779164	26	19		PASS	1
11	62159730	G	T	62159730	170	241		PASS	1
10	70960069	A	G	70960069	49	176		PASS	1
13	42265556	G	A	42265556	35	127		PASS	1
1	67487265	C	A	67487265	136	497		PASS	1
16	50731184	C	A	50731184	72	260		PASS	1
10	48390274	G	T	48390274	377	348		PASS	1
4	141471566	C	T	141471566	17	6		PASS	1
19	12962759	C	A	12962759	4	90		PASS	1
2	238950018	G	T	238950018	85	207		PASS	1
16	24192242	C	G	24192242	70	93		PASS	1
8	127568779	C	A	127568779	37	73		PASS	1
3	121724172	G	A	121724172	69	218		PASS	1
20	61982187	C	T	61982187	502	556		PASS	1
1	63119800	C	A	63119800	44	148		PASS	1
3	138763389	G	C	138763389	52	174		PASS	1
8	99162778	G	A	99162778	177	303		PASS	1
19	45543499	G	T	45543499	183	488		PASS	1
1	248004720	G	T	248004720	147	212		PASS	1
22	36983554	C	T	36983554	331	174		PASS	1
19	48908497	G	T	48908497	206	77		PASS	1
1	151162632	C	T	151162632	83	137		PASS	1
6	38831786	G	T	38831786	69	115		PASS	1
14	20216494	G	T	20216494	40	138		PASS	1
9	37745023	G	T	37745023	116	130		PASS	1
X	80185248	G	T	80185248	106	26		PASS	1
7	135312767	G	T	135312767	116	162		PASS	1
5	149677677	C	A	149677677	159	83		PASS	1
15	42285013	C	A	42285013	233	128		PASS	1
1	203830754	C	A	203830754	62	105		PASS	1
19	45452100	T	A	45452100	359	847		PASS	1
5	180374735	C	T	180374735	100	54		PASS	1
2	105858605	C	G	105858605	290	467		PASS	1
17	25748650	A	T	25748650	39	75		PASS	1
21	44486403	C	A	44486403	308	137		PASS	1
11	4967572	G	T	4967572	196	225		PASS	1
13	32367065	C	T	32367065	236	257		PASS	1
2	219501481	C	T	219501481	9	74		PASS	1
1	175323611	A	T	175323611	97	191		PASS	1
6	117248442	C	A	117248442	125	63		PASS	1
13	92797236	A	T	92797236	16	29		PASS	1
14	20586318	G	T	20586318	101	76		PASS	1
11	57798787	C	A	57798787	94	154		PASS	1
12	80771831	C	A	80771831	104	119		PASS	1
11	6262808	C	A	6262808	54	66		PASS	1
3	160099418	G	A	160099418	132	356		PASS	1
1	192316469	C	T	192316469	48	280		PASS	1
3	138739535	G	T	138739535	21	46		PASS	1
22	28503454	C	A	28503454	157	86		PASS	1
20	51871770	C	A	51871770	86	269		PASS	1
7	48506623	G	T	48506623	139	275		PASS	1
12	122492800	G	T	122492800	121	138		PASS	1
4	17814612	C	A	17814612	43	156		PASS	1
11	67023183	G	T	67023183	4	15		PASS	1
11	74047734	T	A	74047734	81	139		PASS	1
1	216019168	C	T	216019168	185	346		PASS	1
2	38604428	C	A	38604428	66	74		PASS	1
1	41618310	G	T	41618310	110	161		PASS	1
X	130929935	G	T	130929935	17	5		PASS	1
4	158282730	G	C	158282730	117	69		PASS	1
3	38523816	A	G	38523816	295	168		PASS	1
7	140302000	C	A	140302000	82	125		PASS	1
10	50950963	C	A	50950963	37	193		PASS	1
2	143799653	C	A	143799653	178	276		PASS	1
1	3549022	G	A	3549022	26	125		PASS	1
12	5020479	T	C	5020479	8	33		PASS	1
3	138003300	G	T	138003300	50	171		PASS	1
19	29699003	G	C	29699003	37	181		PASS	1
1	158653226	A	T	158653226	201	345		PASS	1
19	5867197	C	G	5867197	281	165		PASS	1
2	90249360	G	T	90249360	171	319		PASS	1
13	115090154	G	A	115090154	68	58		PASS	1
9	107457693	G	A	107457693	19	10		PASS	1
11	47364428	C	A	47364428	57	59		PASS	1
6	142399736	C	G	142399736	18	70		PASS	1
10	108439033	G	T	108439033	73	119		PASS	1
1	16332739	G	A	16332739	78	454		PASS	1
12	29626035	C	A	29626035	77	46		PASS	1
X	55041363	G	T	55041363	74	21		PASS	1
1	169582923	G	T	169582923	182	250		PASS	1
11	116691940	C	T	116691940	181	200		PASS	1
3	39225670	G	C	39225670	26	21		PASS	1
6	39507830	G	A	39507830	95	182		PASS	1
2	37014402	G	T	37014402	88	117		PASS	1
14	79454611	C	A	79454611	32	66		PASS	1
11	78399262	G	A	78399262	39	59		PASS	1
15	98417436	C	A	98417436	93	195		PASS	1
19	51298039	C	G	51298039	39	19		PASS	1
9	84676094	G	T	84676094	251	133		PASS	1
10	125601889	G	A	125601889	65	215		PASS	1
8	42586965	G	C	42586965	204	123		PASS	1
12	80771647	A	T	80771647	117	182		PASS	1
17	27818801	G	T	27818801	149	207		PASS	1
15	84651805	A	T	84651805	84	175		PASS	1
4	134111374	C	G	134111374	62	45		PASS	1
2	140992358	A	G	140992358	100	162		PASS	1
19	43268129	G	A	43268129	205	60		PASS	1
11	83691650	G	C	83691650	51	79		PASS	1
17	76799997	T	G	76799997	11	77		PASS	1
22	22569528	C	A	22569528	125	67		PASS	1
20	45702831	A	T	45702831	70	78		PASS	1
15	84473417	G	T	84473417	17	149		PASS	1
12	97043674	G	T	97043674	49	67		PASS	1
17	28434880	T	A	28434880	47	69		PASS	1
11	17453759	C	G	17453759	89	130		PASS	1
11	16133379	G	A	16133379	265	249		PASS	1
15	82620538	C	A	82620538	14	38		PASS	1
1	10355785	C	T	10355785	326	360		PASS	1
1	41092147	C	A	41092147	128	120		PASS	1
16	70530335	C	A	70530335	72	221		PASS	1
7	84628782	C	G	84628782	96	121		PASS	1
5	71519659	C	T	71519659	116	48		PASS	1
14	23869437	G	T	23869437	1462	220		PASS	1
1	103453248	G	C	103453248	83	230		PASS	1
20	44640816	G	C	44640816	146	170		PASS	1
4	100235175	C	A	100235175	172	82		PASS	1
10	38328337	G	T	38328337	8	111		PASS	1
1	227838731	T	C	227838731	31	165		PASS	1
16	2098005	G	A	2098005	15	34		PASS	1
12	100955694	T	A	100955694	53	179		PASS	1
3	183994754	T	C	183994754	76	278		PASS	1
2	242815053	T	A	242815053	50	140		PASS	1
11	4703606	G	A	4703606	191	152		PASS	1
1	160068325	T	G	160068325	11	56		PASS	1
19	15198545	G	T	15198545	137	68		PASS	1
1	53927280	C	T	53927280	16	47		PASS	1
14	39717195	A	T	39717195	72	88		PASS	1
22	24123048	A	T	24123048	77	34		PASS	1
1	85331133	G	C	85331133	49	112		PASS	1
11	55419144	G	T	55419144	92	129		PASS	1
7	47915792	G	T	47915792	91	144		PASS	1
12	110028637	G	T	110028637	310	354		PASS	1
11	21135221	G	T	21135221	98	116		PASS	1
11	6023980	G	C	6023980	40	105		PASS	1
12	5154239	G	T	5154239	66	43		PASS	1
3	52522080	G	A	52522080	5	216		PASS	1
11	48346609	G	C	48346609	7	314		PASS	1
14	20020006	C	A	20020006	14	1287		PASS	1
18	9577070	G	T	9577070	13	265		PASS	1
19	54872670	C	T	54872670	329	128		PASS	1
X	62858069	C	T	62858069	208	60		PASS	1
2	224760311	C	A	224760311	180	531		PASS	1
8	87951842	A	T	87951842	52	81		PASS	1
11	57947586	G	C	57947586	81	141		PASS	1
2	216251607	G	T	216251607	75	486		PASS	1
3	73523729	C	T	73523729	117	17		PASS	1
12	43771252	G	C	43771252	86	190		PASS	1
1	52551782	A	T	52551782	22	90		PASS	1
19	19349219	T	C	19349219	80	97		PASS	1
7	141755514	C	A	141755514	101	101		PASS	1
10	101690185	G	A	101690185	44	52		PASS	1
6	112463458	C	T	112463458	203	132		PASS	1
9	36148589	G	T	36148589	59	192		PASS	1
8	103284902	T	C	103284902	12	424		PASS	1
2	179591853	C	A	179591853	25	108		PASS	1
1	222801588	A	T	222801588	94	164		PASS	1
19	12541652	G	A	12541652	177	85		PASS	1
11	95512075	C	A	95512075	39	101		PASS	1
12	42729683	A	T	42729683	8	109		PASS	1
13	72014683	G	T	72014683	11	21		PASS	1
11	92615961	C	A	92615961	85	94		PASS	1
3	52328015	A	T	52328015	28	11		PASS	1
12	116424247	C	A	116424247	129	481		PASS	1
3	121207844	C	A	121207844	129	142		PASS	1
20	30904598	G	T	30904598	178	311		PASS	1
1	161332188	A	G	161332188	197	356		PASS	1
16	33319154	G	T	33319154	11	123		PASS	1
7	122000993	C	T	122000993	117	173		PASS	1
6	74477916	G	T	74477916	86	127		PASS	1
18	22805744	A	T	22805744	310	63		PASS	1
4	38022249	G	T	38022249	63	260		PASS	1
8	143572142	A	T	143572142	73	246		PASS	1
15	50212532	G	T	50212532	114	73		PASS	1
3	147121883	C	A	147121883	24	77		PASS	1
14	24789077	G	A	24789077	66	61		PASS	1
7	92764131	C	A	92764131	115	195		PASS	1
17	38925157	A	T	38925157	79	117		PASS	1
13	86369046	T	G	86369046	71	188		PASS	1
1	10706382	C	T	10706382	17	350		PASS	1
1	157650801	G	T	157650801	33	42		PASS	1
10	85971969	A	T	85971969	202	173		PASS	1
5	19591224	C	A	19591224	90	155		PASS	1
1	152595331	G	T	152595331	161	208		PASS	1
2	27446611	C	G	27446611	93	146		PASS	1
3	38627436	C	A	38627436	122	77		PASS	1
2	15614273	C	A	15614273	152	244		PASS	1
4	39217550	C	G	39217550	27	99		PASS	1
22	29446802	G	T	29446802	4	115		PASS	1
7	44715591	A	G	44715591	113	170		PASS	1
13	96261752	C	A	96261752	12	73		PASS	1
2	179427370	A	G	179427370	8	78		PASS	1
1	175328782	C	A	175328782	145	255		PASS	1
6	26123794	C	T	26123794	9	369		PASS	1
21	22839041	C	T	22839041	51	33		PASS	1
3	132181314	C	G	132181314	42	137		PASS	1
1	157494335	C	A	157494335	31	49		PASS	1
9	37349353	G	T	37349353	94	90		PASS	1
14	42356747	A	T	42356747	111	175		PASS	1
7	103180721	G	T	103180721	169	303		PASS	1
2	220283677	C	T	220283677	104	208		PASS	1
7	129152232	G	C	129152232	51	123		PASS	1
10	106959774	G	T	106959774	72	195		PASS	1
2	220379400	A	T	220379400	24	129		PASS	1
6	28540685	C	G	28540685	61	147		PASS	1
19	55141993	G	A	55141993	6	85		PASS	1
20	45093498	T	C	45093498	14	59		PASS	1
7	105258361	C	T	105258361	78	131		PASS	1
11	106888854	G	T	106888854	35	31		PASS	1
11	125659277	C	T	125659277	128	164		PASS	1
3	100057964	C	T	100057964	88	199		PASS	1
19	15535649	C	A	15535649	105	55		PASS	1
1	8415615	T	G	8415615	17	128		PASS	1
2	165551445	C	A	165551445	82	124		PASS	1
11	5068192	T	A	5068192	31	143		PASS	1
20	17640250	C	T	17640250	12	1713		PASS	1
16	33020673	G	T	33020673	39	112		PASS	1
11	60785836	C	A	60785836	90	157		PASS	1
16	53279758	A	T	53279758	17	22		PASS	1
10	12858283	C	T	12858283	36	101		PASS	1
12	25256780	C	G	25256780	99	157		PASS	1
3	130329500	G	T	130329500	18	55		PASS	1
2	74594877	C	T	74594877	125	489		PASS	1
11	64369048	C	G	64369048	196	343		PASS	1
6	43167894	G	T	43167894	150	198		PASS	1
10	134893804	G	C	134893804	85	126		PASS	1
1	215368381	C	A	215368381	101	191		PASS	1
X	26212992	T	A	26212992	161	35		PASS	1
6	53659992	G	T	53659992	33	32		PASS	1
11	100998921	G	T	100998921	167	258		PASS	1
1	100672175	C	A	100672175	83	285		PASS	1
7	140434550	C	G	140434550	164	316		PASS	1
2	40656918	G	C	40656918	77	134		PASS	1
20	37356160	C	A	37356160	88	349		PASS	1
1	178412271	G	T	178412271	133	231		PASS	1
13	52532497	T	A	52532497	173	190		PASS	1
11	59210737	G	A	59210737	173	285		PASS	1
4	16597498	G	T	16597498	26	73		PASS	1
10	50121379	C	T	50121379	17	21		PASS	1
2	151328204	C	A	151328204	88	175		PASS	1
19	50104771	C	A	50104771	17	185		PASS	1
19	2341506	G	A	2341506	43	14		PASS	1
14	20404140	C	G	20404140	72	320		PASS	1
9	39086719	C	G	39086719	112	688		PASS	1
8	104664453	C	T	104664453	33	90		PASS	1
5	17354794	C	A	17354794	33	47		PASS	1
1	22964167	A	T	22964167	134	323		PASS	1
17	38296646	C	A	38296646	6	48		PASS	1
22	29879566	G	A	29879566	145	74		PASS	1
11	92532010	A	C	92532010	139	264		PASS	1
19	7122769	G	A	7122769	132	80		PASS	1
11	108412387	G	T	108412387	9	134		PASS	1
17	79768753	C	A	79768753	121	224		PASS	1
12	80733035	G	T	80733035	64	97		PASS	1
3	44943063	G	T	44943063	70	50		PASS	1
20	57598982	T	A	57598982	215	1892		PASS	1
6	32789914	C	A	32789914	23	40		PASS	1
7	129142580	G	C	129142580	62	103		PASS	1
12	19671651	G	C	19671651	49	90		PASS	1
19	44660881	G	T	44660881	132	307		PASS	1
19	4546230	G	T	4546230	58	36		PASS	1
3	126710361	G	T	126710361	16	92		PASS	1
11	94604012	G	C	94604012	30	45		PASS	1
5	40998134	G	A	40998134	48	66		PASS	1
2	131519910	G	T	131519910	63	113		PASS	1
4	62897211	G	T	62897211	95	53		PASS	1
2	152521083	C	G	152521083	31	97		PASS	1
20	44641961	G	A	44641961	194	193		PASS	1
11	55563781	C	T	55563781	73	96		PASS	1
1	114453905	G	T	114453905	91	109		PASS	1
2	219301876	C	A	219301876	124	256		PASS	1
17	5389441	G	A	5389441	47	39		PASS	1
5	121362865	G	T	121362865	18	9		PASS	1
8	145557027	G	T	145557027	271	191		PASS	1
6	84375244	G	C	84375244	92	179		PASS	1
5	156485090	G	C	156485090	14	10		PASS	1
12	51693469	G	T	51693469	152	316		PASS	1
2	33590466	G	A	33590466	8	303		PASS	1
5	15936828	G	T	15936828	101	293		PASS	1
12	2944018	G	T	2944018	153	73		PASS	1
2	179449122	T	A	179449122	30	227		PASS	1
19	47290747	G	A	47290747	206	73		PASS	1
5	53815132	C	G	53815132	90	49		PASS	1
2	141267553	C	A	141267553	76	183		PASS	1
4	94693524	C	A	94693524	71	28		PASS	1
1	94670617	C	A	94670617	35	31		PASS	1
1	158908964	C	A	158908964	26	66		PASS	1
6	46793080	T	C	46793080	139	213		PASS	1
8	86573740	G	C	86573740	118	4047		PASS	1
1	152382039	C	T	152382039	27	46		PASS	1
7	142575446	G	T	142575446	113	216		PASS	1
9	116811914	G	A	116811914	134	60		PASS	1
7	84670032	C	A	84670032	18	139		PASS	1
1	79101026	G	A	79101026	68	84		PASS	1
2	219888127	C	A	219888127	23	109		PASS	1
16	12155492	A	G	12155492	42	121		PASS	1
8	103338785	C	A	103338785	64	105		PASS	1
1	176668691	G	T	176668691	42	67		PASS	1
1	228469740	C	T	228469740	184	247		PASS	1
3	53752389	G	T	53752389	261	151		PASS	1
1	179090994	C	A	179090994	73	127		PASS	1
2	63849332	G	T	63849332	151	262		PASS	1
17	79517826	C	T	79517826	87	110		PASS	1
17	40318369	C	T	40318369	94	136		PASS	1
8	77616928	G	T	77616928	117	240		PASS	1
10	108380315	G	T	108380315	43	47		PASS	1
14	24730984	C	A	24730984	111	291		PASS	1
11	17632888	C	G	17632888	40	141		PASS	1
6	155450600	C	A	155450600	122	464		PASS	1
2	56599490	T	C	56599490	51	51		PASS	1
17	9792793	C	G	9792793	146	112		PASS	1
13	23911418	C	A	23911418	51	194		PASS	1
1	39879650	C	T	39879650	6	209		PASS	1
16	89784296	G	T	89784296	9	307		PASS	1
16	56623635	C	A	56623635	15	58		PASS	1
20	52198514	G	A	52198514	115	361		PASS	1
14	95910884	G	T	95910884	101	154		PASS	1
19	45571695	G	C	45571695	190	153		PASS	1
19	1279002	C	G	1279002	172	87		PASS	1
1	11102974	A	G	11102974	151	157		PASS	1
12	124419293	G	A	124419293	49	139		PASS	1
17	18862923	T	G	18862923	98	57		PASS	1
X	109764653	C	T	109764653	174	45		PASS	1
22	21328553	A	T	21328553	131	62		PASS	1
4	9892305	G	T	9892305	82	259		PASS	1
6	44310955	G	C	44310955	142	215		PASS	1
11	62545915	G	A	62545915	39	58		PASS	1
22	44568852	T	G	44568852	181	64		PASS	1
7	27149924	A	G	27149924	11	90		PASS	1
3	196460717	C	T	196460717	38	159		PASS	1
X	74494359	A	T	74494359	79	30		PASS	1
1	86934741	C	T	86934741	38	69		PASS	1
8	145152352	G	A	145152352	43	24		PASS	1
2	48915905	G	T	48915905	115	204		PASS	1
6	110729595	G	T	110729595	94	78		PASS	1
5	9629326	G	T	9629326	134	97		PASS	1
10	37438733	C	A	37438733	192	354		PASS	1
5	61876071	G	T	61876071	192	102		PASS	1
20	10619979	C	A	10619979	15	373		PASS	1
18	40323658	C	A	40323658	72	57		PASS	1
12	2602546	G	T	2602546	51	22		PASS	1
14	56107149	G	T	56107149	63	130		PASS	1
22	38995840	C	A	38995840	51	44		PASS	1
1	243219643	G	T	243219643	319	501		PASS	1
17	21904174	G	T	21904174	14	124		PASS	1
9	79322768	T	A	79322768	62	25		PASS	1
3	62860628	G	T	62860628	13	134		PASS	1
8	110457353	C	A	110457353	145	261		PASS	1
11	55062966	C	G	55062966	108	174		PASS	1
2	128044301	C	A	128044301	156	290		PASS	1
3	47050930	C	T	47050930	21	7		PASS	1
10	124924498	G	T	124924498	14	80		PASS	1
1	111216104	G	C	111216104	157	181		PASS	1
X	133379540	A	G	133379540	110	43		PASS	1
18	43419010	C	A	43419010	20	24		PASS	1
1	248756328	C	T	248756328	85	111		PASS	1
5	24593657	G	T	24593657	28	29		PASS	1
16	396888	G	C	396888	89	299		PASS	1
1	1959675	C	G	1959675	126	132		PASS	1
12	31815080	C	A	31815080	272	471		PASS	1
6	41655680	G	A	41655680	87	133		PASS	1
10	48389478	G	T	48389478	51	141		PASS	1
9	139343204	G	A	139343204	5	139		PASS	1
12	26878610	G	C	26878610	100	61		PASS	1
8	144996005	C	A	144996005	371	874		PASS	1
17	3030185	C	T	3030185	142	84		PASS	1
11	55371526	C	A	55371526	84	171		PASS	1
11	17940312	C	A	17940312	23	60		PASS	1
9	3932909	C	T	3932909	12	43		PASS	1
10	51761781	A	C	51761781	88	287		PASS	1
16	4744528	T	G	4744528	9	44		PASS	1
2	127952987	C	G	127952987	106	192		PASS	1
12	27916022	G	C	27916022	131	65		PASS	1
1	216498792	G	A	216498792	138	234		PASS	1
2	169103906	G	A	169103906	37	63		PASS	1
11	60162418	G	T	60162418	76	156		PASS	1
7	142460832	T	A	142460832	266	412		PASS	1
18	18564451	G	T	18564451	256	56		PASS	1
2	225739017	C	A	225739017	18	210		PASS	1
16	23360190	G	T	23360190	113	141		PASS	1
11	128840924	C	G	128840924	101	164		PASS	1
8	73480179	C	T	73480179	38	63		PASS	1
2	207656702	G	C	207656702	27	27		PASS	1
11	128709152	C	A	128709152	90	210		PASS	1
16	24185846	G	C	24185846	69	91		PASS	1
19	52033944	T	A	52033944	40	23		PASS	1
16	32891171	C	T	32891171	55	271		PASS	1
19	55716952	G	T	55716952	141	50		PASS	1
2	27805288	C	A	27805288	83	172		PASS	1
10	50820122	C	A	50820122	38	94		PASS	1
20	30697504	C	A	30697504	124	188		PASS	1
17	25967727	G	T	25967727	133	224		PASS	1
5	23951776	G	T	23951776	70	95		PASS	1
2	219501483	C	T	219501483	8	77		PASS	1
1	151701263	T	A	151701263	109	215		PASS	1
19	9091600	A	C	9091600	195	93		PASS	1
10	103347990	G	T	103347990	21	19		PASS	1
11	36119903	G	T	36119903	102	167		PASS	1
7	112724794	G	T	112724794	20	31		PASS	1
22	42383678	G	A	42383678	86	42		PASS	1
14	70346398	G	T	70346398	79	122		PASS	1
2	179634910	G	C	179634910	84	740		PASS	1
3	111785279	G	T	111785279	112	205		PASS	1
8	142151510	T	G	142151510	18	71		PASS	1
14	101531691	C	T	101531691	141	247		PASS	1
19	58601605	G	A	58601605	124	51		PASS	1
7	87607717	G	A	87607717	61	327		PASS	1
12	57881828	A	T	57881828	38	60		PASS	1
7	73112027	G	T	73112027	67	104		PASS	1
6	36566737	G	T	36566737	125	189		PASS	1
1	214169811	G	T	214169811	17	23		PASS	1
19	52529010	C	A	52529010	114	46		PASS	1
11	65266211	T	A	65266211	93	142		PASS	1
8	77616927	G	C	77616927	116	237		PASS	1
9	33943584	G	T	33943584	87	72		PASS	1
4	57182323	A	T	57182323	145	72		PASS	1
3	196242117	C	A	196242117	10	161		PASS	1
2	179637838	G	T	179637838	84	304		PASS	1
11	124857548	G	T	124857548	178	333		PASS	1
9	136036904	G	C	136036904	46	62		PASS	1
2	46211726	A	T	46211726	127	206		PASS	1
7	100777196	C	A	100777196	154	250		PASS	1
7	141643700	T	A	141643700	147	210		PASS	1
14	88899540	G	T	88899540	105	188		PASS	1
11	21594913	G	A	21594913	111	112		PASS	1
2	44099417	G	C	44099417	383	449		PASS	1
16	2158886	C	A	2158886	144	150		PASS	1
8	145002127	C	G	145002127	76	185		PASS	1
10	27485599	T	A	27485599	172	243		PASS	1
5	19591225	C	A	19591225	88	158		PASS	1
13	100518539	A	T	100518539	49	144		PASS	1
19	9072366	G	T	9072366	68	40		PASS	1
14	24592208	G	A	24592208	47	178		PASS	1
2	226273792	C	A	226273792	58	291		PASS	1
6	30882599	T	G	30882599	79	91		PASS	1
11	75155458	C	A	75155458	117	173		PASS	1
2	181922509	T	C	181922509	102	323		PASS	1
10	50732821	G	A	50732821	89	346		PASS	1
14	104643741	G	T	104643741	34	50		PASS	1
1	70877105	G	T	70877105	116	412		PASS	1
6	152683405	T	A	152683405	197	254		PASS	1
17	79429954	C	G	79429954	131	198		PASS	1
11	100998947	C	A	100998947	150	237		PASS	1
X	21776229	A	T	21776229	82	195		PASS	1
22	31523908	A	C	31523908	8	51		PASS	1
2	157435644	A	G	157435644	210	337		PASS	1
7	100419990	G	A	100419990	121	193		PASS	1
1	217804737	G	T	217804737	75	165		PASS	1
15	81274502	C	T	81274502	175	201		PASS	1
14	106478117	C	G	106478117	68	245		PASS	1
17	76554216	C	T	76554216	52	103		PASS	1
10	38647348	G	T	38647348	199	343		PASS	1
6	62604579	C	A	62604579	51	88		PASS	1
3	10980064	C	T	10980064	76	30		PASS	1
5	35955961	G	T	35955961	103	128		PASS	1
4	2814002	G	A	2814002	41	131		PASS	1
1	35863143	G	T	35863143	49	57		PASS	1
17	76471360	C	A	76471360	111	150		PASS	1
17	46691724	C	A	46691724	76	109		PASS	1
11	120008025	C	A	120008025	245	248		PASS	1
11	4674077	C	G	4674077	65	53		PASS	1
15	66853442	A	G	66853442	80	38		PASS	1
11	61539147	G	T	61539147	58	108		PASS	1
9	138714595	T	A	138714595	20	89		PASS	1
14	106539478	G	T	106539478	125	251		PASS	1
20	56189959	C	T	56189959	1175	228		PASS	1
5	150515840	T	A	150515840	90	71		PASS	1
1	237921077	G	T	237921077	59	107		PASS	1
18	607099	G	T	607099	5	369		PASS	1
1	17607200	G	T	17607200	180	209		PASS	1
6	28253382	G	T	28253382	100	135		PASS	1
1	39341227	G	A	39341227	40	179		PASS	1
4	155410788	C	G	155410788	59	24		PASS	1
1	247690301	C	A	247690301	42	197		PASS	1
16	1706218	G	T	1706218	62	51		PASS	1
4	42077697	C	A	42077697	111	106		PASS	1
2	179413139	G	C	179413139	111	378		PASS	1
17	37190451	A	T	37190451	58	109		PASS	1
2	87012875	C	A	87012875	261	394		PASS	1
10	127698037	G	T	127698037	44	99		PASS	1
6	165989952	T	A	165989952	34	112		PASS	1
X	591627	C	A	591627	65	197		PASS	1
11	5862741	G	C	5862741	63	70		PASS	1
19	44610556	G	A	44610556	232	503		PASS	1
3	183824548	C	T	183824548	8	23		PASS	1
7	73449692	A	T	73449692	219	345		PASS	1
19	14584358	G	C	14584358	83	45		PASS	1
4	186544639	A	G	186544639	5	329		PASS	1
6	28269469	T	A	28269469	140	255		PASS	1
2	109368391	G	T	109368391	277	553		PASS	1
15	40583432	G	T	40583432	85	31		PASS	1
6	146875780	G	T	146875780	37	42		PASS	1
2	130900278	C	A	130900278	294	468		PASS	1
2	179584290	G	T	179584290	31	80		PASS	1
7	82584153	C	A	82584153	77	173		PASS	1
6	97676931	T	A	97676931	211	85		PASS	1
17	74289004	G	A	74289004	8	742		PASS	1
11	7981974	G	T	7981974	57	205		PASS	1
12	78444556	A	T	78444556	39	33		PASS	1
4	134111376	T	A	134111376	62	45		PASS	1
7	142573355	A	T	142573355	38	84		PASS	1
19	44890629	T	C	44890629	54	151		PASS	1
13	32885598	C	G	32885598	63	62		PASS	1
15	77059421	T	A	77059421	62	251		PASS	1
6	36106763	G	T	36106763	38	82		PASS	1
9	16436394	T	A	16436394	96	54		PASS	1
10	118969007	G	T	118969007	181	184		PASS	1
11	64085632	C	T	64085632	69	134		PASS	1
13	103387188	G	C	103387188	57	156		PASS	1
9	97082793	C	G	97082793	7	307		PASS	1
11	124096018	C	A	124096018	154	222		PASS	1
8	92972626	C	A	92972626	233	467		PASS	1
7	82390755	G	A	82390755	31	97		PASS	1
3	133647412	G	T	133647412	76	292		PASS	1
11	60567350	G	T	60567350	95	182		PASS	1
2	196723418	A	C	196723418	123	359		PASS	1
19	39327341	G	A	39327341	190	52		PASS	1
2	122205042	G	A	122205042	90	176		PASS	1
8	30705481	G	A	30705481	78	47		PASS	1
2	219920419	C	A	219920419	265	776		PASS	1
5	33938207	C	T	33938207	74	113		PASS	1
11	101375406	C	T	101375406	31	44		PASS	1
8	77763209	C	A	77763209	79	110		PASS	1
6	136594298	G	T	136594298	53	413		PASS	1
4	108608191	T	A	108608191	35	24		PASS	1
12	80708084	G	T	80708084	10	21		PASS	1
10	890978	G	C	890978	50	89		PASS	1
1	248685735	C	T	248685735	90	146		PASS	1
1	67242971	G	T	67242971	126	159		PASS	1
10	93572	C	A	93572	133	243		PASS	1
5	54527667	C	G	54527667	58	28		PASS	1
1	18961010	C	T	18961010	81	141		PASS	1
7	100839376	G	A	100839376	5	179		PASS	1
6	1390765	G	T	1390765	110	135		PASS	1
11	6023609	G	C	6023609	115	154		PASS	1
2	219000111	G	T	219000111	337	289		PASS	1
4	88766845	C	A	88766845	57	24		PASS	1
11	117774351	C	G	117774351	219	258		PASS	1
19	15990625	G	C	15990625	39	28		PASS	1
19	44501707	A	T	44501707	12	22		PASS	1
14	53558720	G	A	53558720	8	59		PASS	1
16	1604853	C	G	1604853	73	237		PASS	1
16	72162565	C	A	72162565	62	217		PASS	1
11	36310986	G	T	36310986	64	91		PASS	1
5	31318175	T	C	31318175	31	48		PASS	1
10	48414129	C	A	48414129	66	211		PASS	1
7	44180317	G	T	44180317	15	38		PASS	1
19	15061091	G	A	15061091	35	23		PASS	1
2	197711821	G	A	197711821	87	521		PASS	1
12	117723943	C	A	117723943	103	104		PASS	1
1	149290769	C	A	149290769	125	558		PASS	1
2	218925522	A	G	218925522	99	484		PASS	1
5	40955513	G	C	40955513	41	72		PASS	1
17	8638705	C	G	8638705	100	43		PASS	1
14	81251293	C	A	81251293	110	138		PASS	1
22	29660013	C	A	29660013	56	32		PASS	1
6	85466526	G	T	85466526	75	170		PASS	1
3	170587948	C	A	170587948	172	174		PASS	1
16	67685409	G	T	67685409	10	32		PASS	1
10	131761351	G	T	131761351	54	41		PASS	1
8	72754834	C	G	72754834	100	146		PASS	1
2	77746452	C	A	77746452	135	158		PASS	1
1	227071489	G	A	227071489	178	317		PASS	1
17	44076728	G	T	44076728	152	257		PASS	1
14	60397737	G	T	60397737	48	72		PASS	1
1	237982396	G	C	237982396	72	137		PASS	1
8	143956507	G	T	143956507	461	370		PASS	1
10	25888060	G	T	25888060	147	273		PASS	1
12	109016849	G	A	109016849	7	22		PASS	1
11	34905053	T	G	34905053	41	70		PASS	1
6	46830719	C	A	46830719	241	368		PASS	1
7	128517788	C	A	128517788	110	170		PASS	1
17	67537851	G	T	67537851	43	145		PASS	1
14	61550276	G	T	61550276	68	96		PASS	1
5	139815716	G	T	139815716	37	20		PASS	1
8	74894881	A	C	74894881	187	344		PASS	1
14	23828652	A	G	23828652	41	521		PASS	1
10	21097469	T	C	21097469	210	323		PASS	1
20	61950875	C	A	61950875	121	262		PASS	1
7	100658961	C	A	100658961	132	248		PASS	1
17	10214441	C	A	10214441	90	44		PASS	1
2	24533531	G	C	24533531	161	256		PASS	1
11	56258060	A	T	56258060	104	130		PASS	1
5	34193237	C	A	34193237	79	1563		PASS	1
16	70349982	G	A	70349982	75	207		PASS	1
10	20432323	C	A	20432323	136	210		PASS	1
1	238090575	G	A	238090575	17	25		PASS	1
16	35036564	C	G	35036564	14	17		PASS	1
9	136379897	T	A	136379897	64	58		PASS	1
X	54953154	G	C	54953154	35	6		PASS	1
1	111781540	C	A	111781540	21	20		PASS	1
3	107097326	G	T	107097326	60	126		PASS	1
8	67900670	T	A	67900670	62	136		PASS	1
1	197621382	G	T	197621382	66	108		PASS	1
3	137729094	G	A	137729094	76	183		PASS	1
7	5352938	C	T	5352938	6	362		PASS	1
6	35747244	G	C	35747244	77	145		PASS	1
18	76757119	C	T	76757119	95	101		PASS	1
6	109837689	T	A	109837689	225	116		PASS	1
14	66028268	T	A	66028268	72	220		PASS	1
11	30255394	A	C	30255394	97	153		PASS	1
2	89416826	C	T	89416826	98	222		PASS	1
11	68181463	G	T	68181463	81	369		PASS	1
11	56086661	C	A	56086661	124	180		PASS	1
2	11264816	C	G	11264816	278	467		PASS	1
19	33355192	C	A	33355192	232	79		PASS	1
2	55254311	T	C	55254311	107	172		PASS	1
14	58605302	G	T	58605302	104	171		PASS	1
6	30227419	C	T	30227419	56	77		PASS	1
11	4936071	G	T	4936071	98	110		PASS	1
4	143350347	G	T	143350347	44	29		PASS	1
16	16282833	T	G	16282833	22	242		PASS	1
1	148882042	T	G	148882042	4	55		PASS	1
14	106829940	C	T	106829940	157	246		PASS	1
1	64707360	A	G	64707360	78	96		PASS	1
3	52553304	G	A	52553304	124	58		PASS	1
2	179616121	T	C	179616121	20	145		PASS	1
12	49427343	A	C	49427343	78	130		PASS	1
2	122205013	C	A	122205013	108	229		PASS	1
2	141609232	T	C	141609232	48	86		PASS	1
2	211454844	G	T	211454844	70	536		PASS	1
7	83675653	G	A	83675653	168	202		PASS	1
12	48107154	G	T	48107154	116	169		PASS	1
17	27805267	A	T	27805267	60	72		PASS	1
16	1552745	G	T	1552745	44	134		PASS	1
19	57325708	C	A	57325708	202	83		PASS	1
1	66999938	T	A	66999938	19	86		PASS	1
12	21325714	G	A	21325714	121	166		PASS	1
10	93786395	G	T	93786395	64	191		PASS	1
11	58207457	G	T	58207457	126	175		PASS	1
15	80263359	T	C	80263359	124	282		PASS	1
6	147648376	C	A	147648376	34	120		PASS	1
20	29652142	C	A	29652142	42	662		PASS	1
21	10952914	C	A	10952914	63	268		PASS	1
13	102368051	G	T	102368051	15	57		PASS	1
16	11773246	G	C	11773246	31	101		PASS	1
19	47918125	T	G	47918125	9	132		PASS	1
2	228860307	C	A	228860307	162	364		PASS	1
9	39171468	C	T	39171468	151	979		PASS	1
3	143708657	G	T	143708657	71	90		PASS	1
2	163054171	G	A	163054171	50	98		PASS	1
14	89205300	C	G	89205300	38	149		PASS	1
12	26231995	T	A	26231995	43	103		PASS	1
17	39017775	G	A	39017775	23	35		PASS	1
6	27777976	A	T	27777976	120	183		PASS	1
16	3274469	C	A	3274469	134	176		PASS	1
15	45361242	G	T	45361242	52	19		PASS	1
21	34443309	C	A	34443309	64	49		PASS	1
16	70508218	A	G	70508218	47	71		PASS	1
19	50063898	G	A	50063898	100	132		PASS	1
3	72897422	C	A	72897422	262	65		PASS	1
7	152143056	C	A	152143056	124	195		PASS	1
5	77425077	C	A	77425077	100	89		PASS	1
17	78194183	C	T	78194183	8	11		PASS	1
7	51095433	C	G	51095433	53	89		PASS	1
2	50779789	G	T	50779789	98	180		PASS	1
7	121653190	G	T	121653190	100	172		PASS	1
10	8100664	C	G	8100664	140	195		PASS	1
2	28635161	G	T	28635161	126	288		PASS	1
12	9353658	T	A	9353658	46	18		PASS	1
7	64168474	C	T	64168474	73	132		PASS	1
1	19181437	C	T	19181437	51	245		PASS	1
7	129297257	G	T	129297257	204	340		PASS	1
12	116413472	C	T	116413472	280	302		PASS	1
1	182443575	G	T	182443575	97	167		PASS	1
4	186241943	G	A	186241943	66	51		PASS	1
1	248402597	T	A	248402597	92	132		PASS	1
16	20359571	T	A	20359571	143	523		PASS	1
2	141032039	C	A	141032039	109	137		PASS	1
8	144790002	C	A	144790002	161	419		PASS	1
19	51321754	G	T	51321754	80	34		PASS	1
20	57767277	G	A	57767277	40	490		PASS	1
2	220136219	C	G	220136219	307	243		PASS	1
2	70443339	C	A	70443339	35	64		PASS	1
18	14187227	C	A	14187227	16	246		PASS	1
11	122827246	G	T	122827246	78	144		PASS	1
2	32617130	A	T	32617130	117	217		PASS	1
7	128432232	G	C	128432232	16	32		PASS	1
6	28541086	T	A	28541086	90	151		PASS	1
1	77685129	C	A	77685129	26	103		PASS	1
6	112575174	A	T	112575174	160	77		PASS	1
5	137753187	G	C	137753187	126	69		PASS	1
2	185801748	A	T	185801748	95	259		PASS	1
15	42042174	A	G	42042174	85	47		PASS	1
10	7769698	A	C	7769698	80	130		PASS	1
9	90500068	C	G	90500068	153	79		PASS	1
2	3718704	C	T	3718704	88	108		PASS	1
7	134221522	C	G	134221522	69	105		PASS	1
17	56438216	C	A	56438216	38	64		PASS	1
5	140263432	G	T	140263432	439	195		PASS	1
7	114269988	G	A	114269988	7	823		PASS	1
8	87917412	G	T	87917412	71	124		PASS	1
1	150463097	C	G	150463097	96	127		PASS	1
19	36431528	C	A	36431528	108	44		PASS	1
5	156378692	T	A	156378692	281	150		PASS	1
10	79396015	T	C	79396015	9	13		PASS	1
8	86573468	G	T	86573468	3	39		PASS	1
15	79748811	G	T	79748811	130	262		PASS	1
16	22277821	A	G	22277821	44	87		PASS	1
11	99786870	C	T	99786870	84	190		PASS	1
13	19624231	C	A	19624231	11	49		PASS	1
2	74741161	C	T	74741161	12	17		PASS	1
11	6415904	G	T	6415904	7	54		PASS	1
15	82574928	C	T	82574928	127	223		PASS	1
1	4847864	G	C	4847864	24	48		PASS	1
12	130647498	C	T	130647498	24	27		PASS	1
1	182025603	T	G	182025603	153	251		PASS	1
8	136619211	G	A	136619211	51	142		PASS	1
11	71948297	G	T	71948297	166	316		PASS	1
5	127728992	G	T	127728992	120	65		PASS	1
10	98088568	T	A	98088568	95	88		PASS	1
6	55105528	C	T	55105528	52	82		PASS	1
2	64812591	A	C	64812591	49	82		PASS	1
6	39285613	A	T	39285613	43	77		PASS	1
15	82555241	G	T	82555241	36	89		PASS	1
X	152730507	C	A	152730507	82	30		PASS	1
8	86573864	G	T	86573864	107	3189		PASS	1
2	1946927	G	A	1946927	174	243		PASS	1
8	80950286	G	A	80950286	50	96		PASS	1
2	70191455	C	G	70191455	37	157		PASS	1
1	248113001	C	A	248113001	105	220		PASS	1
10	92617494	C	A	92617494	9	20		PASS	1
14	72117186	C	T	72117186	138	182		PASS	1
2	214181955	A	G	214181955	88	166		PASS	1
1	156618525	G	T	156618525	137	226		PASS	1
17	72541966	G	T	72541966	6	155		PASS	1
1	237670113	C	A	237670113	97	179		PASS	1
6	35427107	G	T	35427107	327	455		PASS	1
3	35835504	G	T	35835504	34	14		PASS	1
15	22015894	C	T	22015894	43	162		PASS	1
4	170616788	G	T	170616788	88	77		PASS	1
1	158326410	C	A	158326410	54	88		PASS	1
14	50459510	C	A	50459510	133	278		PASS	1
13	53420096	C	A	53420096	23	70		PASS	1
7	121651320	G	C	121651320	89	132		PASS	1
2	109374934	G	A	109374934	8	777		PASS	1
14	106237863	G	T	106237863	13	36		PASS	1
17	46703430	G	T	46703430	158	210		PASS	1
16	3613357	G	T	3613357	56	103		PASS	1
15	83378380	C	T	83378380	65	239		PASS	1
11	32119913	C	A	32119913	52	93		PASS	1
4	68938172	A	C	68938172	97	45		PASS	1
16	70310898	C	A	70310898	116	445		PASS	1
10	75255609	T	G	75255609	13	78		PASS	1
10	127350526	C	A	127350526	61	197		PASS	1
1	237754047	C	G	237754047	52	82		PASS	1
22	36681805	G	C	36681805	8	254		PASS	1
6	16327903	C	A	16327903	7	717		PASS	1
6	159654483	G	A	159654483	81	100		PASS	1
1	11333536	G	T	11333536	82	165		PASS	1
6	49574598	G	T	49574598	188	287		PASS	1
12	125478448	C	T	125478448	10	24		PASS	1
16	67470197	C	A	67470197	64	204		PASS	1
11	64593966	C	T	64593966	105	208		PASS	1
16	88499252	G	A	88499252	129	392		PASS	1
2	189852860	T	C	189852860	50	604		PASS	1
1	34038241	T	A	34038241	24	127		PASS	1
10	58117700	C	A	58117700	21	25		PASS	1
2	45169934	C	G	45169934	147	206		PASS	1
X	109697080	C	G	109697080	151	37		PASS	1
5	55439685	C	A	55439685	159	123		PASS	1
3	51430480	G	C	51430480	44	19		PASS	1
14	106232045	A	T	106232045	17	27		PASS	1
9	121976359	C	A	121976359	177	101		PASS	1
9	119033671	C	A	119033671	69	80		PASS	1
2	241570154	G	T	241570154	99	857		PASS	1
8	110131581	C	A	110131581	66	108		PASS	1
X	27479680	C	A	27479680	81	26		PASS	1
1	145076055	A	T	145076055	16	186		PASS	1
17	10426938	C	G	10426938	306	173		PASS	1
2	238683105	G	C	238683105	125	426		PASS	1
11	13984690	G	T	13984690	17	73		PASS	1
6	130762434	A	C	130762434	46	63		PASS	1
10	27294396	T	C	27294396	20	23		PASS	1
5	9052052	C	A	9052052	97	296		PASS	1
2	69330274	T	A	69330274	32	39		PASS	1
17	46627745	G	T	46627745	224	384		PASS	1
8	143365770	C	A	143365770	175	136		PASS	1
17	62026061	C	A	62026061	51	101		PASS	1
7	126542674	C	A	126542674	63	159		PASS	1
X	24382408	G	C	24382408	10	335		PASS	1
2	43927296	C	T	43927296	190	329		PASS	1
7	35288352	C	A	35288352	234	316		PASS	1
5	33891843	C	A	33891843	112	183		PASS	1
16	1029496	G	T	1029496	9	8		PASS	1
2	27603306	G	C	27603306	19	168		PASS	1
5	140590832	G	T	140590832	29	16		PASS	1
18	57134025	G	T	57134025	100	144		PASS	1
5	176323097	C	A	176323097	80	45		PASS	1
7	44046856	C	T	44046856	14	437		PASS	1
3	119087242	G	A	119087242	123	433		PASS	1
X	108926626	C	A	108926626	128	33		PASS	1
14	106406013	G	T	106406013	93	136		PASS	1
20	30231238	G	A	30231238	389	630		PASS	1
8	72234285	C	T	72234285	63	67		PASS	1
2	171974256	C	T	171974256	76	216		PASS	1
3	14565855	C	G	14565855	39	20		PASS	1
2	242813876	G	T	242813876	75	197		PASS	1
4	123663119	A	T	123663119	83	48		PASS	1
3	195944770	C	A	195944770	65	277		PASS	1
1	166987183	C	A	166987183	70	122		PASS	1
7	142997478	A	T	142997478	384	604		PASS	1
3	129140354	C	T	129140354	68	201		PASS	1
12	69326607	G	C	69326607	79	114		PASS	1
5	101816091	C	A	101816091	88	42		PASS	1
13	84453621	G	T	84453621	115	127		PASS	1
11	108383236	T	C	108383236	92	132		PASS	1
17	76201779	A	T	76201779	76	135		PASS	1
2	90108842	G	T	90108842	119	155		PASS	1
11	119187821	C	G	119187821	58	142		PASS	1
17	26604093	G	T	26604093	142	242		PASS	1
8	121823993	G	A	121823993	118	217		PASS	1
16	20981224	G	T	20981224	145	505		PASS	1
17	33427324	G	T	33427324	214	358		PASS	1
11	64669500	C	T	64669500	123	267		PASS	1
22	50727513	C	T	50727513	53	27		PASS	1
17	45126725	C	A	45126725	222	394		PASS	1
X	27839922	G	C	27839922	152	38		PASS	1
20	57767924	A	T	57767924	415	78		PASS	1
7	31792995	G	C	31792995	37	67		PASS	1
17	21117667	G	T	21117667	48	24		PASS	1
2	74900779	G	T	74900779	36	72		PASS	1
1	34238305	G	T	34238305	74	74		PASS	1
1	186047292	A	T	186047292	142	216		PASS	1
16	15170461	G	T	15170461	5	450		PASS	1
6	13305400	T	A	13305400	86	295		PASS	1
2	216296672	C	T	216296672	96	680		PASS	1
13	47409443	G	T	47409443	232	213		PASS	1
16	66997801	A	T	66997801	49	184		PASS	1
7	100490912	G	T	100490912	216	291		PASS	1
14	75302672	G	T	75302672	40	43		PASS	1
4	47583985	G	T	47583985	36	91		PASS	1
1	16902829	C	T	16902829	136	3748		PASS	1
4	71255570	C	A	71255570	56	30		PASS	1
1	197030925	C	A	197030925	140	264		PASS	1
17	48917441	G	T	48917441	311	496		PASS	1
X	83616612	G	T	83616612	88	21		PASS	1
5	13766257	C	T	13766257	253	689		PASS	1
6	74202008	G	T	74202008	151	297		PASS	1
3	121508969	C	A	121508969	8	312		PASS	1
2	241697786	A	T	241697786	81	49		PASS	1
1	156146741	A	T	156146741	427	646		PASS	1
4	67952	T	A	67952	8	45		PASS	1
14	33408459	A	C	33408459	20	98		PASS	1
3	195955721	C	T	195955721	11	407		PASS	1
2	179455938	G	T	179455938	58	145		PASS	1
3	154033065	C	A	154033065	58	64		PASS	1
14	94914884	C	A	94914884	170	232		PASS	1
7	35157400	G	T	35157400	44	95		PASS	1
4	107845331	G	T	107845331	114	73		PASS	1
20	33439095	C	A	33439095	162	244		PASS	1
20	2539108	G	C	2539108	174	80		PASS	1
4	75245197	A	T	75245197	138	120		PASS	1
14	106331908	T	G	106331908	15	28		PASS	1
6	29455533	G	T	29455533	80	160		PASS	1
22	32929816	G	T	32929816	96	35		PASS	1
20	31830368	G	C	31830368	86	154		PASS	1
1	76397677	C	A	76397677	22	98		PASS	1
9	86421370	C	T	86421370	193	113		PASS	1
3	164737497	G	T	164737497	107	343		PASS	1
2	152496916	G	T	152496916	94	133		PASS	1
14	68233120	C	T	68233120	154	214		PASS	1
1	44595773	C	A	44595773	63	228		PASS	1
11	8661906	A	G	8661906	6	579		PASS	1
1	160789155	G	A	160789155	122	217		PASS	1
19	39327340	G	A	39327340	190	53		PASS	1
19	36051301	G	T	36051301	234	94		PASS	1
6	17292223	A	G	17292223	74	96		PASS	1
11	17793351	G	A	17793351	58	192		PASS	1
14	21623322	G	A	21623322	137	79		PASS	1
19	45004277	C	A	45004277	98	263		PASS	1
17	60501279	C	A	60501279	83	117		PASS	1
15	84946546	G	A	84946546	6	107		PASS	1
1	21050713	C	A	21050713	96	186		PASS	1
1	45166623	A	G	45166623	95	96		PASS	1
X	142795476	G	T	142795476	252	83		PASS	1
2	216965141	G	C	216965141	167	1076		PASS	1
2	131674394	A	C	131674394	134	226		PASS	1
19	17397485	G	T	17397485	3	31		PASS	1
17	40049285	C	A	40049285	39	54		PASS	1
2	87120447	C	A	87120447	37	87		PASS	1
2	73492597	G	T	73492597	4	149		PASS	1
19	58187610	G	C	58187610	221	85		PASS	1
17	38296645	A	C	38296645	6	46		PASS	1
X	106465994	C	G	106465994	40	9		PASS	1
20	40713407	G	T	40713407	11	35		PASS	1
16	89167214	G	T	89167214	76	184		PASS	1
10	48387967	G	T	48387967	207	216		PASS	1
4	119237368	T	A	119237368	173	94		PASS	1
12	109993241	C	A	109993241	12	16		PASS	1
1	70397207	C	A	70397207	38	164		PASS	1
6	83933507	G	T	83933507	106	168		PASS	1
4	129891559	C	A	129891559	89	82		PASS	1
15	43552322	C	T	43552322	9	410		PASS	1
20	23860349	C	A	23860349	30	31		PASS	1
16	51174537	G	T	51174537	39	98		PASS	1
17	78341782	C	T	78341782	247	404		PASS	1
6	348899	G	C	348899	36	228		PASS	1
12	72026779	G	A	72026779	73	103		PASS	1
19	2877745	C	G	2877745	13	302		PASS	1
2	168105985	C	A	168105985	114	256		PASS	1
13	61084846	A	G	61084846	54	174		PASS	1
19	9406172	A	C	9406172	48	26		PASS	1
2	11733002	G	C	11733002	66	82		PASS	1
4	55564674	G	C	55564674	187	91		PASS	1
11	8435070	T	C	8435070	66	219		PASS	1
16	1552744	G	T	1552744	43	135		PASS	1
8	97157419	G	T	97157419	141	196		PASS	1
2	38302064	G	A	38302064	304	502		PASS	1
11	109294330	G	T	109294330	8	18		PASS	1
X	153032548	C	T	153032548	138	34		PASS	1
19	16855384	C	A	16855384	120	52		PASS	1
22	24515506	G	T	24515506	128	68		PASS	1
1	15707201	A	T	15707201	128	293		PASS	1
4	40892400	C	A	40892400	28	111		PASS	1
13	47409134	G	T	47409134	73	247		PASS	1
14	93118563	G	T	93118563	32	42		PASS	1
1	120336809	G	T	120336809	90	176		PASS	1
1	226016465	G	C	226016465	159	284		PASS	1
13	25861555	C	A	25861555	10	8		PASS	1
12	86374058	C	T	86374058	73	145		PASS	1
1	220986852	T	A	220986852	29	62		PASS	1
11	124293885	C	A	124293885	73	115		PASS	1
17	42328690	C	A	42328690	309	459		PASS	1
15	89807759	A	G	89807759	97	571		PASS	1
6	90577219	G	T	90577219	80	111		PASS	1
1	115537619	A	T	115537619	82	75		PASS	1
19	36230475	C	T	36230475	107	25		PASS	1
2	132250514	C	T	132250514	53	97		PASS	1
11	73882559	G	T	73882559	53	94		PASS	1
14	77978671	C	A	77978671	249	466		PASS	1
19	36884393	C	A	36884393	193	55		PASS	1
1	17594418	A	G	17594418	66	209		PASS	1
18	25585826	C	T	25585826	185	33		PASS	1
1	186099759	G	A	186099759	177	222		PASS	1
1	228584576	G	A	228584576	132	231		PASS	1
18	3729170	G	T	3729170	304	57		PASS	1
11	18733787	G	A	18733787	135	168		PASS	1
X	106093334	G	T	106093334	79	22		PASS	1
7	121652555	C	A	121652555	58	93		PASS	1
X	19373832	G	T	19373832	255	79		PASS	1
1	183933111	C	A	183933111	45	81		PASS	1
5	66459294	G	T	66459294	159	84		PASS	1
11	20136252	G	A	20136252	246	272		PASS	1
5	1033565	C	T	1033565	49	111		PASS	1
3	107882555	C	A	107882555	50	150		PASS	1
5	138650585	G	T	138650585	31	17		PASS	1
10	6005780	C	A	6005780	19	26		PASS	1
21	45855043	G	T	45855043	61	32		PASS	1
3	97365012	G	T	97365012	28	104		PASS	1
4	186343662	G	A	186343662	77	56		PASS	1
5	167489197	T	A	167489197	333	111		PASS	1
15	30926543	A	T	30926543	337	173		PASS	1
13	19433153	G	T	19433153	29	22		PASS	1
14	19988212	C	A	19988212	128	282		PASS	1
11	5878534	G	C	5878534	4	155		PASS	1
6	116783360	G	A	116783360	40	14		PASS	1
19	9057992	C	G	9057992	76	47		PASS	1
4	39276682	A	T	39276682	91	65		PASS	1
11	6501157	C	A	6501157	48	129		PASS	1
11	65810595	G	T	65810595	95	141		PASS	1
6	55196600	G	T	55196600	74	109		PASS	1
12	6443282	C	A	6443282	199	135		PASS	1
1	67207086	C	G	67207086	19	81		PASS	1
17	61683775	A	T	61683775	222	360		PASS	1
11	55419046	C	A	55419046	72	103		PASS	1
2	228883084	G	C	228883084	36	322		PASS	1
11	94533269	G	T	94533269	62	107		PASS	1
2	73441415	C	T	73441415	114	213		PASS	1
20	1617117	C	T	1617117	105	40		PASS	1
13	41706149	G	A	41706149	102	333		PASS	1
8	144790094	C	A	144790094	185	635		PASS	1
17	10265721	C	A	10265721	232	110		PASS	1
10	13702337	C	A	13702337	56	86		PASS	1
16	3632579	T	A	3632579	280	251		PASS	1
1	1362995	T	A	1362995	42	66		PASS	1
10	56287613	G	T	56287613	104	119		PASS	1
1	216062156	G	T	216062156	164	261		PASS	1
11	74899245	A	G	74899245	68	151		PASS	1
9	107379565	T	C	107379565	67	16		PASS	1
5	150158288	G	A	150158288	68	29		PASS	1
11	7960462	G	T	7960462	88	87		PASS	1
13	74988943	C	A	74988943	69	80		PASS	1
13	77713350	C	T	77713350	116	95		PASS	1
X	107304758	C	T	107304758	134	31		PASS	1
8	99963949	C	G	99963949	64	86		PASS	1
20	41306696	G	C	41306696	258	320		PASS	1
19	19015622	G	A	19015622	57	75		PASS	1
1	33476388	G	C	33476388	6	338		PASS	1
12	114352798	C	A	114352798	189	171		PASS	1
19	1044649	G	C	1044649	57	47		PASS	1
5	127710363	G	C	127710363	159	93		PASS	1
2	241726728	G	C	241726728	260	188		PASS	1
3	130110376	C	T	130110376	90	276		PASS	1
1	159284057	T	A	159284057	181	250		PASS	1
7	149152743	T	G	149152743	10	37		PASS	1
5	63257274	G	T	63257274	288	160		PASS	1
11	1027976	G	T	1027976	71	69		PASS	1
2	211540514	G	T	211540514	245	582		PASS	1
10	104126879	G	T	104126879	21	100		PASS	1
6	38919215	C	G	38919215	111	241		PASS	1
7	92764132	C	A	92764132	114	193		PASS	1
2	207174886	G	T	207174886	45	287		PASS	1
2	149686884	G	A	149686884	87	200		PASS	1
7	15725552	G	T	15725552	52	57		PASS	1
1	42621446	G	T	42621446	16	14		PASS	1
7	100681629	C	A	100681629	80	128		PASS	1
19	40719504	C	A	40719504	196	75		PASS	1
16	21053388	G	T	21053388	31	84		PASS	1
4	7873807	G	A	7873807	64	77		PASS	1
20	58519646	G	T	58519646	1382	238		PASS	1
7	30706868	C	A	30706868	103	229		PASS	1
7	154519534	C	A	154519534	50	137		PASS	1
2	241634944	C	T	241634944	7	35		PASS	1
8	21768192	G	C	21768192	150	126		PASS	1
12	88483255	C	T	88483255	25	52		PASS	1
1	180165726	G	T	180165726	82	126		PASS	1
2	212426589	C	A	212426589	102	302		PASS	1
8	134239927	C	A	134239927	48	133		PASS	1
2	224462893	T	A	224462893	60	191		PASS	1
2	186671925	G	C	186671925	105	89		PASS	1
1	216138821	C	A	216138821	92	164		PASS	1
7	154519558	G	A	154519558	76	88		PASS	1
17	30190495	G	A	30190495	178	206		PASS	1
16	58594142	T	A	58594142	74	195		PASS	1
12	123794092	C	A	123794092	65	268		PASS	1
2	178077515	G	C	178077515	33	193		PASS	1
8	144997093	T	C	144997093	566	402		PASS	1
12	100480084	T	A	100480084	30	110		PASS	1
6	134583190	C	T	134583190	68	58		PASS	1
11	7846695	A	T	7846695	196	204		PASS	1
19	15729064	C	A	15729064	169	121		PASS	1
19	54784907	C	T	54784907	52	20		PASS	1
20	17640469	C	T	17640469	28	2357		PASS	1
2	102836441	G	T	102836441	95	184		PASS	1
2	39249795	T	C	39249795	130	203		PASS	1
5	64766767	C	A	64766767	44	28		PASS	1
4	155412142	G	C	155412142	44	28		PASS	1
3	114014419	C	A	114014419	43	86		PASS	1
12	42629589	A	C	42629589	10	395		PASS	1
17	61958243	G	T	61958243	120	165		PASS	1
8	65290569	T	C	65290569	9	33		PASS	1
7	73790643	G	T	73790643	92	115		PASS	1
2	215928934	C	T	215928934	114	361		PASS	1
17	35297789	G	C	35297789	352	520		PASS	1
1	2447124	C	A	2447124	110	233		PASS	1
3	48282603	A	T	48282603	191	107		PASS	1
12	114383699	C	A	114383699	48	240		PASS	1
3	130309882	C	T	130309882	121	132		PASS	1
6	3850165	C	A	3850165	42	190		PASS	1
11	56043991	G	C	56043991	88	148		PASS	1
1	94466562	G	A	94466562	100	325		PASS	1
5	180666194	T	C	180666194	77	49		PASS	1
22	26286799	G	T	26286799	74	56		PASS	1
12	117628213	C	A	117628213	64	49		PASS	1
5	14488288	G	C	14488288	98	346		PASS	1
14	94780305	C	A	94780305	72	183		PASS	1
17	67537857	A	G	67537857	42	148		PASS	1
9	34552263	C	A	34552263	131	124		PASS	1
3	62636582	C	T	62636582	171	95		PASS	1
3	52326836	G	A	52326836	39	18		PASS	1
10	27692193	G	C	27692193	102	194		PASS	1
17	10424488	C	A	10424488	47	25		PASS	1
3	190039905	T	A	190039905	91	246		PASS	1
20	60703893	A	T	60703893	14	62		PASS	1
4	41992690	G	T	41992690	83	70		PASS	1
22	26164773	A	T	26164773	61	37		PASS	1
16	5517251	G	T	5517251	33	120		PASS	1
X	14863203	G	T	14863203	81	36		PASS	1
7	100678766	C	G	100678766	81	123		PASS	1
2	175436878	G	A	175436878	65	238		PASS	1
7	21781616	T	C	21781616	137	216		PASS	1
7	36194215	C	A	36194215	140	254		PASS	1
2	54874375	G	T	54874375	81	132		PASS	1
6	150386740	T	A	150386740	65	227		PASS	1
20	29845488	C	G	29845488	41	148		PASS	1
14	23282242	G	C	23282242	9	256		PASS	1
1	154245101	G	T	154245101	52	77		PASS	1
9	32634173	C	G	32634173	106	343		PASS	1
9	34724998	G	T	34724998	461	720		PASS	1
1	25893485	G	T	25893485	308	326		PASS	1
2	141607695	C	G	141607695	91	131		PASS	1
7	142612523	G	A	142612523	9	31		PASS	1
17	5138107	G	C	5138107	83	45		PASS	1
11	93212114	G	T	93212114	8	44		PASS	1
15	84286969	G	T	84286969	96	504		PASS	1
13	73482771	G	T	73482771	101	113		PASS	1
2	202356771	C	A	202356771	94	240		PASS	1
12	133810877	C	G	133810877	84	322		PASS	1
11	1263664	G	T	1263664	67	265		PASS	1
1	109102974	G	T	109102974	8	11		PASS	1
22	28195816	G	T	28195816	101	43		PASS	1
20	50133369	C	A	50133369	203	192		PASS	1
10	126086650	C	A	126086650	66	229		PASS	1
1	240256787	G	T	240256787	65	96		PASS	1
8	1842688	G	A	1842688	242	105		PASS	1
10	66586203	C	A	66586203	121	153		PASS	1
14	57268692	G	A	57268692	198	330		PASS	1
11	27390057	G	A	27390057	112	112		PASS	1
17	74011584	G	T	74011584	9	405		PASS	1
16	66943216	C	A	66943216	186	210		PASS	1
12	4554682	G	A	4554682	34	56		PASS	1
17	18024936	C	A	18024936	43	25		PASS	1
20	2638722	G	C	2638722	176	114		PASS	1
2	122218755	T	A	122218755	58	91		PASS	1
11	8947657	A	T	8947657	45	39		PASS	1
18	76755158	C	A	76755158	84	102		PASS	1
19	7975929	C	T	7975929	135	55		PASS	1
14	106641514	C	T	106641514	32	46		PASS	1
11	59245836	T	A	59245836	13	66		PASS	1
3	179525620	C	A	179525620	39	107		PASS	1
2	219267437	G	T	219267437	45	354		PASS	1
7	154672596	A	G	154672596	81	165		PASS	1
3	112546211	T	A	112546211	18	29		PASS	1
9	35753762	G	T	35753762	76	72		PASS	1
12	48596413	G	T	48596413	139	240		PASS	1
6	33036439	C	T	33036439	60	91		PASS	1
19	57175647	G	T	57175647	109	41		PASS	1
2	160206639	C	A	160206639	151	307		PASS	1
X	153695402	G	T	153695402	80	30		PASS	1
X	112048227	C	A	112048227	124	32		PASS	1
11	4870023	T	C	4870023	56	60		PASS	1
11	69631155	A	C	69631155	196	379		PASS	1
6	70916656	G	A	70916656	34	66		PASS	1
2	238252834	C	T	238252834	122	48		PASS	1
11	57077214	C	A	57077214	118	214		PASS	1
7	142326767	G	C	142326767	40	80		PASS	1
1	23648135	G	A	23648135	108	120		PASS	1
12	62104192	G	T	62104192	83	141		PASS	1
2	73053120	A	G	73053120	32	52		PASS	1
11	18195392	G	C	18195392	58	229		PASS	1
3	185316778	A	T	185316778	35	138		PASS	1
14	105417404	C	A	105417404	334	521		PASS	1
20	62305338	G	T	62305338	94	215		PASS	1
14	20215733	G	T	20215733	52	272		PASS	1
17	77021988	T	C	77021988	8	258		PASS	1
3	125824637	G	T	125824637	152	499		PASS	1
3	112969533	G	T	112969533	81	191		PASS	1
12	22354930	G	T	22354930	52	78		PASS	1
2	179469670	C	G	179469670	21	47		PASS	1
2	36583664	A	T	36583664	120	215		PASS	1
1	229771211	G	T	229771211	74	84		PASS	1
7	142626167	A	T	142626167	153	300		PASS	1
11	7260113	G	T	7260113	81	91		PASS	1
10	112404259	C	A	112404259	81	76		PASS	1
12	129563109	C	A	129563109	37	108		PASS	1
14	105354232	G	T	105354232	84	150		PASS	1
12	11461733	G	T	11461733	105	68		PASS	1
13	100622660	G	T	100622660	25	60		PASS	1
11	55927443	G	T	55927443	87	140		PASS	1
1	68896855	C	A	68896855	226	249		PASS	1
14	106805630	C	A	106805630	106	660		PASS	1
2	18113237	A	T	18113237	138	218		PASS	1
X	90691698	C	A	90691698	79	17		PASS	1
6	2948702	C	T	2948702	148	177		PASS	1
11	1619531	G	T	1619531	64	230		PASS	1
11	4470788	G	T	4470788	49	148		PASS	1
9	112069519	C	T	112069519	8	109		PASS	1
7	66104284	A	G	66104284	92	131		PASS	1
17	40963691	C	A	40963691	63	79		PASS	1
14	22592097	C	A	22592097	150	86		PASS	1
1	49052655	C	A	49052655	80	84		PASS	1
7	73279433	G	T	73279433	15	32		PASS	1
12	4737127	G	T	4737127	96	64		PASS	1
1	119925669	G	A	119925669	89	128		PASS	1
4	155507419	A	T	155507419	77	38		PASS	1
3	140785431	C	A	140785431	21	62		PASS	1
1	240255014	C	A	240255014	126	254		PASS	1
14	23828636	T	G	23828636	46	621		PASS	1
14	24114086	G	T	24114086	106	191		PASS	1
3	121508970	A	T	121508970	6	311		PASS	1
21	28296839	C	A	28296839	79	64		PASS	1
3	197639654	C	A	197639654	33	95		PASS	1
15	75499831	G	A	75499831	71	179		PASS	1
X	86772862	T	A	86772862	24	7		PASS	1
1	211652526	C	A	211652526	106	165		PASS	1
2	167266786	G	A	167266786	79	134		PASS	1
7	147914379	G	T	147914379	139	276		PASS	1
5	14498664	G	T	14498664	138	305		PASS	1
12	98938797	C	A	98938797	82	235		PASS	1
3	118529595	G	T	118529595	13	28		PASS	1
11	124412832	C	T	124412832	85	189		PASS	1
X	64139072	C	T	64139072	85	51		PASS	1
6	28540249	C	A	28540249	74	106		PASS	1
1	171174638	G	C	171174638	135	233		PASS	1
2	176983700	C	A	176983700	116	367		PASS	1
9	131733227	G	T	131733227	154	79		PASS	1
1	182615980	G	T	182615980	123	268		PASS	1
12	105150743	C	T	105150743	29	113		PASS	1
2	71036460	C	A	71036460	59	110		PASS	1
2	234545148	G	A	234545148	21	77		PASS	1
7	49977078	A	G	49977078	139	166		PASS	1
17	42334630	G	T	42334630	85	125		PASS	1
1	201172961	G	T	201172961	102	199		PASS	1
1	20656789	G	T	20656789	296	283		PASS	1
17	40933000	C	T	40933000	99	100		PASS	1
7	540451	C	T	540451	30	30		PASS	1
15	89390632	C	A	89390632	55	70		PASS	1
3	150285773	G	T	150285773	22	97		PASS	1
11	59271194	T	A	59271194	56	91		PASS	1
4	77020342	C	A	77020342	5	20		PASS	1
4	110635502	C	T	110635502	87	31		PASS	1
3	14801453	A	T	14801453	113	70		PASS	1
11	56184902	G	T	56184902	152	222		PASS	1
20	21369911	G	T	21369911	791	94		PASS	1
15	89417687	G	T	89417687	311	289		PASS	1
11	43919153	G	T	43919153	40	80		PASS	1
2	1546374	C	A	1546374	70	72		PASS	1
9	99488479	A	G	99488479	71	67		PASS	1
12	10862710	C	A	10862710	148	78		PASS	1
9	116835251	C	A	116835251	73	48		PASS	1
11	119291014	A	T	119291014	63	189		PASS	1
1	152275225	G	C	152275225	152	255		PASS	1
7	107312676	C	A	107312676	157	302		PASS	1
4	6066625	G	A	6066625	10	375		PASS	1
11	61734898	G	T	61734898	8	771		PASS	1
6	87725609	C	T	87725609	55	63		PASS	1
3	46539671	C	A	46539671	177	89		PASS	1
4	80329278	A	G	80329278	18	51		PASS	1
11	6789853	G	T	6789853	67	251		PASS	1
11	89166021	G	C	89166021	144	221		PASS	1
16	72822589	G	A	72822589	18	77		PASS	1
9	339087	A	T	339087	260	108		PASS	1
10	134895311	C	A	134895311	178	143		PASS	1
2	27165460	G	A	27165460	208	315		PASS	1
17	16843956	T	A	16843956	39	18		PASS	1
20	30898970	G	T	30898970	40	43		PASS	1
3	164907130	G	C	164907130	92	306		PASS	1
2	95767460	T	C	95767460	90	150		PASS	1
2	80136788	G	A	80136788	66	102		PASS	1
X	26212629	G	T	26212629	53	24		PASS	1
14	106382565	G	A	106382565	16	36		PASS	1
1	99470011	C	G	99470011	21	67		PASS	1
1	100368288	A	C	100368288	188	220		PASS	1
3	43602790	C	A	43602790	160	101		PASS	1
13	53418894	T	C	53418894	33	97		PASS	1
9	138011726	T	A	138011726	103	150		PASS	1
12	132625466	C	A	132625466	55	44		PASS	1
2	37129791	C	A	37129791	75	146		PASS	1
2	112630226	C	T	112630226	8	285		PASS	1
17	26708780	C	G	26708780	39	35		PASS	1
10	50916695	C	G	50916695	36	26		PASS	1
1	79107619	A	T	79107619	23	17		PASS	1
7	99725437	C	T	99725437	20	45		PASS	1
7	100226996	C	T	100226996	197	281		PASS	1
20	45618681	C	G	45618681	113	268		PASS	1
9	138651533	G	T	138651533	48	55		PASS	1
20	61977237	A	T	61977237	95	93		PASS	1
1	156646805	C	G	156646805	82	137		PASS	1
1	203830755	A	T	203830755	65	106		PASS	1
13	84453514	T	C	84453514	41	119		PASS	1
13	70713637	C	A	70713637	10	35		PASS	1
10	15614355	C	A	15614355	47	80		PASS	1
3	14562018	A	T	14562018	119	72		PASS	1
20	44470663	C	T	44470663	24	228		PASS	1
16	12996116	G	T	12996116	58	182		PASS	1
1	242264040	T	C	242264040	47	289		PASS	1
11	48286122	C	G	48286122	110	168		PASS	1
11	56057943	T	A	56057943	86	140		PASS	1
7	2472718	C	A	2472718	131	192		PASS	1
13	28942733	T	C	28942733	4	173		PASS	1
19	35802828	G	T	35802828	175	54		PASS	1
11	65487964	C	A	65487964	51	105		PASS	1
10	20106117	C	A	20106117	133	227		PASS	1
14	93581551	C	A	93581551	69	77		PASS	1
14	100792535	C	A	100792535	81	140		PASS	1
4	178911701	C	A	178911701	31	11		PASS	1
8	16850824	C	G	16850824	63	32		PASS	1
1	155979292	C	A	155979292	32	50		PASS	1
2	33952356	G	T	33952356	40	66		PASS	1
2	28764609	C	G	28764609	112	196		PASS	1
16	77822612	G	T	77822612	184	214		PASS	1
9	5055687	G	A	5055687	6	225		PASS	1
10	73558319	G	T	73558319	51	50		PASS	1
4	30724751	G	T	30724751	131	148		PASS	1
10	98115033	G	T	98115033	5	156		PASS	1
1	161479843	C	A	161479843	160	185		PASS	1
2	106694452	C	A	106694452	23	26		PASS	1
8	94146659	G	T	94146659	205	352		PASS	1
17	8660706	C	A	8660706	138	72		PASS	1
11	70017032	T	C	70017032	5	307		PASS	1
2	171355100	A	T	171355100	59	173		PASS	1
X	131203676	C	A	131203676	55	18		PASS	1
11	45671882	G	A	45671882	75	129		PASS	1
1	38184057	C	A	38184057	37	103		PASS	1
16	23724675	C	T	23724675	9	26		PASS	1
7	49977209	C	G	49977209	133	265		PASS	1
2	185803350	C	A	185803350	128	294		PASS	1
3	149051150	C	G	149051150	47	45		PASS	1
1	70877104	G	T	70877104	117	409		PASS	1
X	144337361	G	T	144337361	107	51		PASS	1
14	68046517	C	T	68046517	71	149		PASS	1
17	71390374	G	A	71390374	36	51		PASS	1
7	63726831	G	T	63726831	88	140		PASS	1
2	78639884	G	T	78639884	11	34		PASS	1
6	41200153	T	C	41200153	50	79		PASS	1
2	182543470	C	G	182543470	54	142		PASS	1
17	34091165	G	A	34091165	119	199		PASS	1
1	151345147	G	A	151345147	83	168		PASS	1
17	34859889	C	A	34859889	41	49		PASS	1
3	197348610	T	A	197348610	83	298		PASS	1
3	126916154	C	A	126916154	24	57		PASS	1
12	120263163	T	C	120263163	84	73		PASS	1
14	106725365	C	A	106725365	199	368		PASS	1
11	64369050	G	T	64369050	188	330		PASS	1
19	38229608	C	A	38229608	118	46		PASS	1
7	102110243	C	A	102110243	26	47		PASS	1
16	67763930	C	A	67763930	66	245		PASS	1
5	153190664	C	T	153190664	186	90		PASS	1
1	42657114	G	A	42657114	25	100		PASS	1
19	46215280	C	T	46215280	223	58		PASS	1
7	82580024	C	A	82580024	121	164		PASS	1
3	132418898	T	A	132418898	67	281		PASS	1
13	32885551	C	A	32885551	97	107		PASS	1
X	23685712	G	T	23685712	90	27		PASS	1
14	96180331	C	A	96180331	95	207		PASS	1
4	76797596	C	G	76797596	42	105		PASS	1
20	6759545	G	T	6759545	114	40		PASS	1
18	44125368	G	A	44125368	59	62		PASS	1
14	81223270	T	C	81223270	36	180		PASS	1
9	90538262	G	T	90538262	223	133		PASS	1
1	156883794	C	A	156883794	113	130		PASS	1
1	248550933	G	T	248550933	44	56		PASS	1
3	52869071	G	A	52869071	55	32		PASS	1
15	23812330	G	C	23812330	109	84		PASS	1
19	35862948	C	G	35862948	561	193		PASS	1
4	155410819	G	T	155410819	84	42		PASS	1
14	23828709	T	G	23828709	19	250		PASS	1
7	130365839	C	A	130365839	77	185		PASS	1
2	160982891	G	T	160982891	4	243		PASS	1
7	139044929	A	C	139044929	9	80		PASS	1
9	75533688	C	A	75533688	55	57		PASS	1
4	71840895	A	T	71840895	38	27		PASS	1
3	121345898	T	A	121345898	5	12		PASS	1
12	81768495	T	A	81768495	95	182		PASS	1
6	72970616	G	T	72970616	29	16		PASS	1
12	112666482	G	A	112666482	16	88		PASS	1
10	34663801	C	A	34663801	66	112		PASS	1
5	160033885	A	T	160033885	168	103		PASS	1
21	47684047	C	G	47684047	98	32		PASS	1
12	132446081	G	T	132446081	47	123		PASS	1
11	16847840	C	A	16847840	73	258		PASS	1
2	79312666	G	C	79312666	140	232		PASS	1
12	71182625	G	T	71182625	69	94		PASS	1
2	218770102	C	A	218770102	27	205		PASS	1
7	22769198	G	A	22769198	188	273		PASS	1
4	876591	C	A	876591	122	99		PASS	1
11	63059017	C	A	63059017	45	85		PASS	1
9	104390645	G	C	104390645	127	86		PASS	1
3	164697109	T	A	164697109	53	208		PASS	1
3	121151179	C	A	121151179	22	67		PASS	1
14	66479514	C	A	66479514	42	85		PASS	1
7	18767354	G	C	18767354	11	13		PASS	1
12	10999936	T	G	10999936	20	17		PASS	1
13	38266137	C	A	38266137	64	73		PASS	1
7	18767238	T	G	18767238	27	33		PASS	1
1	182423144	C	A	182423144	84	242		PASS	1
12	102869564	G	C	102869564	161	207		PASS	1
6	27218883	C	A	27218883	116	252		PASS	1
11	244200	A	T	244200	34	218		PASS	1
8	3245021	C	A	3245021	51	23		PASS	1
11	121416042	A	T	121416042	164	333		PASS	1
9	66499320	G	A	66499320	34	283		PASS	1
16	56892472	C	T	56892472	42	115		PASS	1
11	55541161	T	A	55541161	114	167		PASS	1
7	23353187	A	C	23353187	129	251		PASS	1
1	24172313	C	A	24172313	272	578		PASS	1
19	57802951	A	T	57802951	155	73		PASS	1
12	106857398	G	T	106857398	88	315		PASS	1
17	39137412	G	T	39137412	64	124		PASS	1
2	26686877	C	T	26686877	144	252		PASS	1
X	151123215	G	A	151123215	51	12		PASS	1
6	75831122	T	C	75831122	54	114		PASS	1
14	45636360	A	G	45636360	123	272		PASS	1
15	23444016	G	C	23444016	119	471		PASS	1
11	64669499	C	A	64669499	123	267		PASS	1
10	11994185	T	C	11994185	101	143		PASS	1
3	190578542	T	C	190578542	32	117		PASS	1
9	136674253	C	G	136674253	25	77		PASS	1
3	101576254	A	T	101576254	52	133		PASS	1
21	19775934	C	A	19775934	141	90		PASS	1
20	57767504	C	A	57767504	44	423		PASS	1
20	21377906	G	A	21377906	226	30		PASS	1
16	65032563	G	A	65032563	116	421		PASS	1
1	62740694	C	A	62740694	36	120		PASS	1
15	100331340	C	A	100331340	172	170		PASS	1
17	26965395	C	A	26965395	119	177		PASS	1
1	110754793	C	T	110754793	31	28		PASS	1
1	152188019	C	A	152188019	36	651		PASS	1
21	15561621	C	A	15561621	104	54		PASS	1
19	5931435	C	A	5931435	84	33		PASS	1
5	45462011	C	A	45462011	149	278		PASS	1
1	231954184	G	T	231954184	139	275		PASS	1
17	34894378	C	T	34894378	9	294		PASS	1
10	84745247	C	A	84745247	65	238		PASS	1
5	13810332	C	A	13810332	276	213		PASS	1
18	70532056	G	C	70532056	45	38		PASS	1
6	28499612	C	T	28499612	60	110		PASS	1
12	102874351	G	T	102874351	19	16		PASS	1
15	23811772	G	A	23811772	105	60		PASS	1
10	125622165	C	A	125622165	92	387		PASS	1
1	248004846	A	T	248004846	57	155		PASS	1
11	1774600	C	T	1774600	14	72		PASS	1
7	142334208	C	A	142334208	72	106		PASS	1
1	46976879	T	C	46976879	26	108		PASS	1
7	142000812	G	T	142000812	105	187		PASS	1
21	43496140	C	T	43496140	151	83		PASS	1
12	130648370	G	A	130648370	93	275		PASS	1
8	42563890	A	G	42563890	26	72		PASS	1
10	48413961	C	A	48413961	181	180		PASS	1
16	87734330	T	G	87734330	4	8		PASS	1
19	54823309	C	A	54823309	294	126		PASS	1
5	31302329	C	T	31302329	106	207		PASS	1
12	29596334	C	A	29596334	69	41		PASS	1
12	52818501	C	A	52818501	223	369		PASS	1
8	144942286	C	A	144942286	485	387		PASS	1
12	21448654	G	T	21448654	83	143		PASS	1
11	33565264	C	T	33565264	96	178		PASS	1
2	220283363	C	G	220283363	60	137		PASS	1
4	26750145	G	T	26750145	71	69		PASS	1
2	214015024	C	A	214015024	40	68		PASS	1
18	44140489	C	A	44140489	21	16		PASS	1
6	74228535	C	A	74228535	122	219		PASS	1
19	15537875	C	A	15537875	233	106		PASS	1
2	132237844	C	A	132237844	94	139		PASS	1
10	25885594	C	A	25885594	57	103		PASS	1
20	41306695	G	T	41306695	267	322		PASS	1
18	50866211	G	T	50866211	87	89		PASS	1
20	62836428	G	T	62836428	182	218		PASS	1
10	25464461	A	T	25464461	95	183		PASS	1
7	150487631	C	A	150487631	64	99		PASS	1
17	77705154	G	T	77705154	39	70		PASS	1
22	17450944	G	C	17450944	219	161		PASS	1
6	29913257	G	A	29913257	43	224		PASS	1
20	35569456	C	A	35569456	171	288		PASS	1
4	122854015	T	A	122854015	39	18		PASS	1
7	92077209	G	A	92077209	3	31		PASS	1
5	150924591	G	T	150924591	125	77		PASS	1
12	81688787	C	T	81688787	99	162		PASS	1
2	185801162	C	T	185801162	65	476		PASS	1
6	33133595	T	A	33133595	236	365		PASS	1
21	46685443	T	A	46685443	104	45		PASS	1
11	51411858	G	A	51411858	68	141		PASS	1
13	103400122	G	T	103400122	93	243		PASS	1
3	169540338	T	A	169540338	43	144		PASS	1
19	17836911	C	T	17836911	155	88		PASS	1
10	105794477	G	T	105794477	158	132		PASS	1
2	85822872	G	T	85822872	71	114		PASS	1
7	4153054	C	A	4153054	70	103		PASS	1
20	29652128	T	A	29652128	13	713		PASS	1
2	179500164	T	C	179500164	20	100		PASS	1
10	30317790	T	G	30317790	142	252		PASS	1
12	50746954	G	T	50746954	165	280		PASS	1
16	85942634	C	A	85942634	105	324		PASS	1
10	4883992	G	C	4883992	48	82		PASS	1
2	170591792	G	T	170591792	31	268		PASS	1
13	96274635	G	A	96274635	82	285		PASS	1
19	16855337	G	T	16855337	158	55		PASS	1
X	84526241	G	T	84526241	193	47		PASS	1
20	33876366	C	A	33876366	80	114		PASS	1
7	103020938	C	T	103020938	56	360		PASS	1
19	53741628	T	C	53741628	217	93		PASS	1
11	57983157	T	C	57983157	70	112		PASS	1
19	57866681	G	T	57866681	259	102		PASS	1
14	61115431	C	A	61115431	56	75		PASS	1
X	49855336	G	T	49855336	160	61		PASS	1
1	120050021	C	G	120050021	50	67		PASS	1
17	77091615	C	T	77091615	54	77		PASS	1
11	76371375	C	A	76371375	29	40		PASS	1
22	20044386	G	T	20044386	146	78		PASS	1
12	149283	G	C	149283	7	2		PASS	1
11	57958302	C	T	57958302	171	250		PASS	1
18	33703542	C	A	33703542	45	46		PASS	1
19	15121772	C	A	15121772	108	54		PASS	1
11	44148400	G	T	44148400	258	454		PASS	1
12	132416841	G	T	132416841	81	313		PASS	1
15	22368931	C	G	22368931	107	222		PASS	1
11	3733757	C	G	3733757	23	78		PASS	1
4	6695722	C	T	6695722	84	204		PASS	1
6	117591860	G	T	117591860	89	40		PASS	1
3	196042960	C	A	196042960	22	41		PASS	1
11	11373927	T	A	11373927	191	281		PASS	1
7	48528903	G	T	48528903	52	119		PASS	1
7	19763909	G	A	19763909	137	192		PASS	1
4	17707490	G	T	17707490	84	113		PASS	1
1	247588320	C	A	247588320	255	381		PASS	1
15	51778394	G	A	51778394	197	107		PASS	1
13	77713351	T	A	77713351	114	96		PASS	1
1	43227834	C	A	43227834	11	28		PASS	1
4	123336690	A	G	123336690	94	65		PASS	1
17	21117668	G	T	21117668	46	23		PASS	1
11	9074296	C	A	9074296	41	111		PASS	1
1	45271411	C	A	45271411	26	52		PASS	1
20	43607123	C	T	43607123	69	179		PASS	1
7	91864228	C	A	91864228	170	302		PASS	1
2	33952478	T	C	33952478	40	77		PASS	1
7	17833739	C	A	17833739	94	184		PASS	1
3	12785454	G	T	12785454	66	28		PASS	1
10	38650208	G	T	38650208	45	85		PASS	1
15	75656431	C	A	75656431	47	130		PASS	1
14	107083544	C	A	107083544	174	295		PASS	1
2	210570405	C	T	210570405	78	236		PASS	1
12	57618857	C	A	57618857	18	25		PASS	1
6	25862653	A	C	25862653	138	264		PASS	1
1	84376892	T	A	84376892	83	278		PASS	1
12	57965997	G	A	57965997	270	364		PASS	1
20	57767503	C	A	57767503	43	425		PASS	1
16	89713622	C	A	89713622	217	252		PASS	1
X	78618587	G	C	78618587	155	38		PASS	1
15	40914042	C	T	40914042	96	56		PASS	1
15	33952564	G	T	33952564	50	27		PASS	1
1	158549217	C	T	158549217	130	243		PASS	1
12	58131312	C	T	58131312	6	331		PASS	1
6	26413157	G	T	26413157	3	7		PASS	1
8	101601112	A	C	101601112	76	102		PASS	1
1	152883019	A	T	152883019	37	77		PASS	1
2	95976489	G	A	95976489	3	13		PASS	1
11	35344177	G	T	35344177	235	422		PASS	1
9	130507086	C	A	130507086	84	42		PASS	1
3	14974745	T	C	14974745	79	37		PASS	1
17	72227103	G	A	72227103	127	247		PASS	1
2	211541813	C	T	211541813	142	424		PASS	1
19	2227998	A	C	2227998	8	31		PASS	1
16	6069911	G	C	6069911	29	86		PASS	1
6	42130852	C	A	42130852	35	51		PASS	1
1	110149019	G	C	110149019	135	364		PASS	1
8	145756131	G	C	145756131	93	278		PASS	1
11	58034648	G	T	58034648	103	126		PASS	1
6	39158715	T	A	39158715	10	8		PASS	1
14	94121687	C	A	94121687	115	223		PASS	1
1	67099846	G	T	67099846	122	105		PASS	1
1	70397209	C	A	70397209	95	106		PASS	1
20	25843716	C	A	25843716	33	51		PASS	1
11	125791235	G	T	125791235	104	177		PASS	1
X	14863177	C	A	14863177	67	36		PASS	1
11	61647521	G	A	61647521	67	79		PASS	1
6	56035589	C	A	56035589	77	186		PASS	1
1	153085217	G	A	153085217	194	300		PASS	1
7	54621591	C	G	54621591	157	206		PASS	1
19	36431529	G	A	36431529	107	43		PASS	1
7	12611197	G	T	12611197	80	167		PASS	1
15	36989572	G	A	36989572	50	27		PASS	1
2	179476653	C	T	179476653	36	110		PASS	1
8	99215335	C	A	99215335	95	155		PASS	1
7	91503329	C	A	91503329	112	217		PASS	1
19	54778568	G	T	54778568	272	87		PASS	1
2	179490078	C	A	179490078	20	110		PASS	1
1	75602926	G	A	75602926	44	132		PASS	1
1	186957718	G	T	186957718	76	102		PASS	1
6	33179212	G	C	33179212	68	72		PASS	1
7	150069426	G	T	150069426	39	59		PASS	1
1	237794772	G	T	237794772	58	96		PASS	1
7	100088245	A	C	100088245	105	157		PASS	1
14	45645661	G	C	45645661	48	89		PASS	1
5	140581521	G	C	140581521	259	136		PASS	1
1	101705025	T	A	101705025	150	142		PASS	1
6	28967308	T	C	28967308	54	102		PASS	1
6	26508855	C	A	26508855	110	185		PASS	1
4	4207860	A	C	4207860	81	86		PASS	1
19	56467074	C	A	56467074	191	46		PASS	1
9	139650680	G	T	139650680	132	49		PASS	1
14	36219866	T	C	36219866	66	110		PASS	1
7	129152325	G	T	129152325	24	31		PASS	1
14	64676173	G	C	64676173	248	374		PASS	1
22	37602702	C	A	37602702	106	54		PASS	1
3	151176450	A	T	151176450	101	105		PASS	1
X	50648747	C	T	50648747	107	33		PASS	1
5	148045162	G	T	148045162	75	39		PASS	1
14	100486002	A	G	100486002	36	71		PASS	1
5	108691625	C	A	108691625	115	43		PASS	1
14	94084687	C	A	94084687	12	139		PASS	1
2	27741704	C	T	27741704	168	251		PASS	1
9	43627203	G	T	43627203	435	479		PASS	1
1	64669744	G	C	64669744	31	119		PASS	1
2	179411194	C	T	179411194	52	130		PASS	1
7	100658962	C	A	100658962	131	248		PASS	1
3	142268516	C	A	142268516	48	157		PASS	1
6	84371267	A	T	84371267	89	190		PASS	1
9	18908425	G	A	18908425	8	388		PASS	1
16	33784719	G	T	33784719	150	544		PASS	1
20	55033630	C	A	55033630	224	151		PASS	1
11	93430606	A	T	93430606	133	229		PASS	1
15	84690275	G	T	84690275	70	451		PASS	1
14	45711615	C	A	45711615	87	198		PASS	1
2	238722239	T	C	238722239	82	248		PASS	1
20	25755536	C	A	25755536	5	303		PASS	1
9	140323786	G	T	140323786	104	49		PASS	1
1	152282258	C	A	152282258	247	333		PASS	1
X	149013227	C	T	149013227	108	31		PASS	1
10	26385347	G	T	26385347	171	264		PASS	1
2	223084959	C	A	223084959	274	828		PASS	1
3	165548025	T	A	165548025	66	241		PASS	1
19	23329250	T	A	23329250	83	40		PASS	1
11	44069735	G	T	44069735	220	313		PASS	1
8	53055575	C	A	53055575	90	154		PASS	1
1	110709770	G	T	110709770	64	93		PASS	1
7	21584687	G	T	21584687	59	127		PASS	1
21	11026759	C	G	11026759	10	158		PASS	1
4	16017856	G	A	16017856	26	82		PASS	1
10	86018444	C	A	86018444	143	149		PASS	1
1	203140649	G	T	203140649	74	103		PASS	1
10	27539837	T	A	27539837	127	204		PASS	1
17	39593753	T	A	39593753	26	37		PASS	1
14	105361225	G	T	105361225	39	98		PASS	1
2	50758410	G	T	50758410	148	202		PASS	1
6	84569531	G	A	84569531	122	190		PASS	1
6	51908462	C	A	51908462	161	319		PASS	1
5	167182149	C	T	167182149	66	146		PASS	1
10	126172872	G	T	126172872	36	122		PASS	1
9	34834590	G	T	34834590	135	316		PASS	1
6	32008245	G	T	32008245	376	1197		PASS	1
3	152880999	G	T	152880999	37	46		PASS	1
14	20389144	T	C	20389144	149	402		PASS	1
8	142489303	G	T	142489303	65	268		PASS	1
9	35793892	C	T	35793892	287	301		PASS	1
6	82904295	C	A	82904295	52	111		PASS	1
3	171379883	C	T	171379883	53	176		PASS	1
8	95773962	A	T	95773962	57	78		PASS	1
10	101937889	C	A	101937889	91	98		PASS	1
22	23605721	C	G	23605721	76	54		PASS	1
2	238250988	T	A	238250988	27	43		PASS	1
7	141672819	A	T	141672819	78	125		PASS	1
7	20784992	G	T	20784992	218	402		PASS	1
5	87498841	C	A	87498841	87	46		PASS	1
15	35273821	C	T	35273821	149	73		PASS	1
6	43230695	G	A	43230695	5	375		PASS	1
11	16117621	C	A	16117621	81	333		PASS	1
16	1031307	A	T	1031307	5	114		PASS	1
15	102358994	A	C	102358994	87	447		PASS	1
19	10199921	C	T	10199921	30	20		PASS	1
13	24304424	G	A	24304424	30	61		PASS	1
6	143749644	C	T	143749644	97	109		PASS	1
14	78235806	T	A	78235806	50	59		PASS	1
17	29324296	C	T	29324296	268	438		PASS	1
21	40887091	G	C	40887091	43	29		PASS	1
1	158639294	C	T	158639294	290	462		PASS	1
11	47600657	C	T	47600657	6	515		PASS	1
14	52781823	G	T	52781823	109	174		PASS	1
X	151806652	C	T	151806652	45	13		PASS	1
7	100417332	C	A	100417332	181	262		PASS	1
14	74428042	C	G	74428042	437	642		PASS	1
7	92760755	C	A	92760755	80	107		PASS	1
2	189898689	C	G	189898689	118	101		PASS	1
1	175048662	C	A	175048662	80	103		PASS	1
14	79117542	C	A	79117542	87	102		PASS	1
10	105348434	C	A	105348434	33	28		PASS	1
7	3205740	C	A	3205740	56	80		PASS	1
7	155187832	A	T	155187832	197	326		PASS	1
10	85955324	C	G	85955324	129	394		PASS	1
2	84518202	C	T	84518202	300	491		PASS	1
12	80647322	T	A	80647322	107	176		PASS	1
14	96730799	G	T	96730799	142	245		PASS	1
6	147109583	G	T	147109583	218	228		PASS	1
1	19181359	C	T	19181359	10	730		PASS	1
20	33867510	C	A	33867510	86	115		PASS	1
18	65181728	C	A	65181728	34	54		PASS	1
11	65622696	C	A	65622696	21	27		PASS	1
7	150647032	G	A	150647032	61	100		PASS	1
1	220239446	T	A	220239446	43	79		PASS	1
14	94780304	C	A	94780304	72	187		PASS	1
15	52486064	C	A	52486064	34	14		PASS	1
X	21674781	G	T	21674781	94	23		PASS	1
5	170669704	C	G	170669704	48	17		PASS	1
12	104126825	C	A	104126825	112	98		PASS	1
3	37670818	A	G	37670818	12	486		PASS	1
10	64403561	C	A	64403561	9	36		PASS	1
2	88478529	G	T	88478529	127	198		PASS	1
16	239983	G	A	239983	90	78		PASS	1
8	139824136	G	A	139824136	70	113		PASS	1
11	3418928	C	T	3418928	23	68		PASS	1
6	41021139	G	T	41021139	90	153		PASS	1
X	151282718	T	A	151282718	30	11		PASS	1
3	180466054	T	A	180466054	51	179		PASS	1
3	179616005	A	T	179616005	49	177		PASS	1
6	6225020	G	T	6225020	58	176		PASS	1
17	16285256	C	T	16285256	5	273		PASS	1
2	73492453	G	T	73492453	51	78		PASS	1
12	1748955	G	T	1748955	52	36		PASS	1
5	140590317	G	A	140590317	78	394		PASS	1
12	9266120	G	T	9266120	78	38		PASS	1
10	95448	G	A	95448	5	259		PASS	1
16	50731198	G	T	50731198	68	264		PASS	1
11	57886504	G	T	57886504	96	125		PASS	1
1	63119801	C	T	63119801	45	143		PASS	1
18	43329917	G	T	43329917	73	130		PASS	1
2	179588580	G	T	179588580	23	58		PASS	1
22	34046358	A	G	34046358	111	68		PASS	1
19	44635305	G	A	44635305	280	230		PASS	1
17	33806164	C	A	33806164	48	71		PASS	1
19	10570302	C	T	10570302	74	37		PASS	1
7	92760891	C	G	92760891	100	150		PASS	1
8	38066658	G	T	38066658	180	119		PASS	1
X	132161684	C	A	132161684	59	26		PASS	1
2	119604530	G	C	119604530	16	9		PASS	1
3	142137714	T	A	142137714	34	134		PASS	1
14	95080650	G	A	95080650	18	46		PASS	1
11	63666529	G	C	63666529	92	206		PASS	1
12	78522586	C	A	78522586	85	171		PASS	1
22	28196524	C	A	28196524	152	104		PASS	1
19	42492177	A	G	42492177	408	166		PASS	1
10	127677764	C	G	127677764	39	34		PASS	1
12	91445223	G	T	91445223	139	209		PASS	1
15	84946262	A	C	84946262	128	295		PASS	1
10	99624012	C	T	99624012	63	240		PASS	1
15	25442784	A	T	25442784	123	79		PASS	1
20	36851994	C	A	36851994	27	22		PASS	1
8	36767036	C	A	36767036	90	42		PASS	1
2	190597935	C	G	190597935	54	124		PASS	1
16	88765452	C	A	88765452	102	372		PASS	1
1	17674565	G	T	17674565	84	149		PASS	1
6	136468546	T	A	136468546	121	128		PASS	1
1	233121902	T	A	233121902	162	249		PASS	1
7	5568242	C	A	5568242	113	229		PASS	1
2	86507261	G	A	86507261	31	56		PASS	1
17	37075092	G	C	37075092	72	99		PASS	1
4	44449997	C	A	44449997	62	62		PASS	1
8	97892232	A	T	97892232	65	98		PASS	1
1	247902077	A	T	247902077	106	159		PASS	1
